relation	pattern_type	precision	support	pattern_data
Cause-Effect(e1,e2)	BIGRAM	1.000	27	[('cause', 'of')]
Cause-Effect(e2,e1)	BIGRAM	1.000	25	[('trigger', 'by')]
Cause-Effect(e1,e2)	BIGRAM	1.000	20	[('cause', 'the')]
Cause-Effect(e1,e2)	BIGRAM	1.000	18	[('that', 'cause')]
Entity-Origin(e1,e2)	BIGRAM	1.000	15	[('arrive', 'from')]
Content-Container(e1,e2)	BIGRAM	1.000	14	[('be', 'hide')]
Content-Container(e1,e2)	BIGRAM	1.000	14	[('hide', 'in')]
Instrument-Agency(e1,e2)	BIGRAM	1.000	14	[('use', 'by')]
Entity-Destination(e1,e2)	BIGRAM	1.000	12	[('release', 'into')]
Cause-Effect(e1,e2)	BIGRAM	1.000	12	[('lead', 'to')]
Product-Producer(e2,e1)	BIGRAM	1.000	11	[('create', 'the')]
Entity-Destination(e1,e2)	BIGRAM	1.000	10	[('flow', 'into')]
Entity-Destination(e1,e2)	BIGRAM	1.000	10	[('be', 'add')]
Entity-Destination(e1,e2)	BIGRAM	1.000	10	[('into', 'this')]
Instrument-Agency(e2,e1)	LEMMA	1.000	9	['wield']
Entity-Destination(e1,e2)	BIGRAM	1.000	9	[('into', 'their')]
Cause-Effect(e1,e2)	BIGRAM	1.000	9	[('have', 'cause')]
Component-Whole(e2,e1)	BIGRAM	1.000	8	[('comprise', 'a')]
Other	LEMMA	1.000	8	['denote']
Cause-Effect(e2,e1)	BIGRAM	1.000	8	[('be', 'trigger')]
Entity-Destination(e1,e2)	BEFORE_E1	1.000	8	['release']
Entity-Destination(e1,e2)	LEMMA	1.000	8	['invest']
Entity-Destination(e1,e2)	BIGRAM	1.000	8	[('be', 'invest')]
Entity-Destination(e1,e2)	BIGRAM	1.000	8	[('invest', 'into')]
Entity-Origin(e1,e2)	BIGRAM	1.000	8	[('emerge', 'from')]
Cause-Effect(e1,e2)	BIGRAM	1.000	8	[('common', 'cause')]
Product-Producer(e2,e1)	DEP_VERB	1.000	8	['write', 'nsubj', 'dobj']
Component-Whole(e2,e1)	BIGRAM	1.000	7	[('have', 'two')]
Entity-Destination(e1,e2)	BIGRAM	1.000	7	[('have', 'migrate')]
Entity-Destination(e1,e2)	LEMMA	1.000	7	['import']
Entity-Destination(e1,e2)	BIGRAM	1.000	7	[('be', 'import')]
Entity-Destination(e1,e2)	BIGRAM	1.000	7	[('import', 'into')]
Entity-Destination(e1,e2)	BEFORE_E1	1.000	7	['leak']
Message-Topic(e1,e2)	BIGRAM	1.000	7	[('reflect', 'on')]
Component-Whole(e1,e2)	BIGRAM	1.000	7	[('good', 'part')]
Instrument-Agency(e2,e1)	DEP_VERB	1.000	7	['wield', 'nsubj', 'dobj']
Other	BEFORE_E1	1.000	6	['tree']
Instrument-Agency(e2,e1)	BIGRAM	1.000	6	[('apply', 'a')]
Entity-Destination(e1,e2)	BEFORE_E1	1.000	6	['transport']
Entity-Destination(e1,e2)	BEFORE_E1	1.000	6	['blow']
Entity-Destination(e1,e2)	BIGRAM	1.000	6	[('be', 'push')]
Entity-Destination(e1,e2)	BIGRAM	1.000	6	[('push', 'into')]
Entity-Destination(e1,e2)	BIGRAM	1.000	6	[('into', 'new')]
Entity-Destination(e1,e2)	BEFORE_E1	1.000	6	['import']
Entity-Destination(e1,e2)	LEMMA	1.000	6	['misplace']
Entity-Destination(e1,e2)	BIGRAM	1.000	6	[('misplace', 'into')]
Entity-Destination(e1,e2)	BIGRAM	1.000	6	[('fly', 'into')]
Entity-Destination(e1,e2)	BIGRAM	1.000	6	[('add', 'into')]
Entity-Destination(e1,e2)	LEMMA	1.000	6	['insert']
Entity-Destination(e1,e2)	BIGRAM	1.000	6	[('be', 'insert')]
Entity-Destination(e1,e2)	BIGRAM	1.000	6	[('be', 'give')]
Message-Topic(e1,e2)	BIGRAM	1.000	6	[('discuss', 'the')]
Message-Topic(e1,e2)	BIGRAM	1.000	6	[('be', 'about')]
Entity-Origin(e1,e2)	BIGRAM	1.000	6	[('from', 'previous')]
Cause-Effect(e1,e2)	BIGRAM	1.000	6	[('lead', 'cause')]
Cause-Effect(e1,e2)	BIGRAM	1.000	6	[('main', 'cause')]
Cause-Effect(e1,e2)	LEMMA	1.000	6	['respiratory']
Message-Topic(e1,e2)	DEP_VERB	1.000	6	['describe', 'nsubj', 'dobj']
Message-Topic(e1,e2)	DEP_VERB	1.000	6	['explore', 'nsubj', 'dobj']
Message-Topic(e1,e2)	DEP_VERB	1.000	6	['explain', 'nsubj', 'dobj']
Component-Whole(e2,e1)	BIGRAM	1.000	5	[('include', 'the')]
Other	LEMMA	1.000	5	['participant']
Other	BIGRAM	1.000	5	[('participant', 'in')]
Other	LEMMA	1.000	5	['participate']
Other	BIGRAM	1.000	5	[('participate', 'in')]
Instrument-Agency(e2,e1)	BIGRAM	1.000	5	[('the', 'victim')]
Instrument-Agency(e2,e1)	BIGRAM	1.000	5	[('victim', 'with')]
Instrument-Agency(e2,e1)	BIGRAM	1.000	5	[('wield', 'the')]
Entity-Destination(e1,e2)	BIGRAM	1.000	5	[('the', 'deep')]
Entity-Destination(e1,e2)	BIGRAM	1.000	5	[('be', 'misplace')]
Entity-Destination(e1,e2)	BEFORE_E1	1.000	5	['donate']
Entity-Destination(e1,e2)	BIGRAM	1.000	5	[('be', 'inject')]
Entity-Destination(e1,e2)	BIGRAM	1.000	5	[('inject', 'into')]
Entity-Destination(e1,e2)	BIGRAM	1.000	5	[('add', 'to')]
Entity-Destination(e1,e2)	BIGRAM	1.000	5	[('hand', 'over')]
Entity-Destination(e1,e2)	BIGRAM	1.000	5	[('remove', 'into')]
Entity-Destination(e1,e2)	BEFORE_E1	1.000	5	['spread']
Message-Topic(e1,e2)	LEMMA	1.000	5	['devote']
Message-Topic(e1,e2)	BIGRAM	1.000	5	[('give', 'an')]
Product-Producer(e2,e1)	BIGRAM	1.000	5	[('have', 'complete')]
Product-Producer(e2,e1)	BIGRAM	1.000	5	[('issue', 'a')]
Entity-Origin(e1,e2)	LEMMA	1.000	5	['hail']
Entity-Origin(e1,e2)	BIGRAM	1.000	5	[('hail', 'from')]
Entity-Origin(e1,e2)	LEMMA	1.000	5	['evaporate']
Entity-Origin(e1,e2)	BIGRAM	1.000	5	[('escape', 'from')]
Entity-Origin(e1,e2)	AFTER_E2	1.000	5	['ago']
Cause-Effect(e1,e2)	BIGRAM	1.000	5	[('the', 'cause')]
Product-Producer(e1,e2)	LEMMA	1.000	5	['pen']
Message-Topic(e1,e2)	DEP_VERB	1.000	5	['consider', 'nsubj', 'dobj']
Product-Producer(e2,e1)	DEP_VERB	1.000	5	['issue', 'nsubj', 'dobj']
Product-Producer(e2,e1)	DEP_VERB	1.000	5	['manufacture', 'nsubj', 'dobj']
Component-Whole(e2,e1)	BIGRAM	1.000	4	[('have', 'the')]
Other	LEMMA	1.000	4	['pertinent']
Other	BIGRAM	1.000	4	[('be', 'denote')]
Other	BIGRAM	1.000	4	[('a', 'great')]
Other	BIGRAM	1.000	4	[('a', 'participant')]
Other	BIGRAM	1.000	4	[('into', 'deep')]
Other	BIGRAM	1.000	4	[('at', 'an')]
Other	BIGRAM	1.000	4	[('cultivate', 'the')]
Instrument-Agency(e2,e1)	BIGRAM	1.000	4	[('kill', 'the')]
Instrument-Agency(e2,e1)	BIGRAM	1.000	4	[('she', 'with')]
Cause-Effect(e2,e1)	BIGRAM	1.000	4	[('instigate', 'by')]
Entity-Destination(e1,e2)	LEMMA	1.000	4	['export']
Entity-Destination(e1,e2)	BIGRAM	1.000	4	[('be', 'export')]
Entity-Destination(e1,e2)	BIGRAM	1.000	4	[('export', 'to')]
Entity-Destination(e1,e2)	BIGRAM	1.000	4	[('carry', 'into')]
Entity-Destination(e1,e2)	BEFORE_E1	1.000	4	['export']
Entity-Destination(e1,e2)	BIGRAM	1.000	4	[('directly', 'into')]
Entity-Destination(e1,e2)	LEMMA	1.000	4	['donate']
Entity-Destination(e1,e2)	BIGRAM	1.000	4	[('be', 'donate')]
Entity-Destination(e1,e2)	BIGRAM	1.000	4	[('donate', 'to')]
Entity-Destination(e1,e2)	BIGRAM	1.000	4	[('over', 'to')]
Entity-Destination(e1,e2)	BIGRAM	1.000	4	[('award', 'to')]
Entity-Destination(e1,e2)	BEFORE_E1	1.000	4	['deliver']
Entity-Destination(e1,e2)	LEMMA	1.000	4	['pour']
Entity-Destination(e1,e2)	BIGRAM	1.000	4	[('to', 'another')]
Message-Topic(e1,e2)	BIGRAM	1.000	4	[('have', 'to')]
Message-Topic(e1,e2)	BIGRAM	1.000	4	[('center', 'around')]
Message-Topic(e1,e2)	BIGRAM	1.000	4	[('depict', 'the')]
Message-Topic(e1,e2)	BIGRAM	1.000	4	[('speak', 'about')]
Message-Topic(e1,e2)	BIGRAM	1.000	4	[('comment', 'on')]
Message-Topic(e1,e2)	LEMMA	1.000	4	['swirl']
Message-Topic(e1,e2)	BIGRAM	1.000	4	[('to', 'discuss')]
Message-Topic(e1,e2)	LEMMA	1.000	4	['reveal']
Message-Topic(e1,e2)	BIGRAM	1.000	4	[('chart', 'the')]
Product-Producer(e2,e1)	BIGRAM	1.000	4	[('build', 'the')]
Product-Producer(e2,e1)	BIGRAM	1.000	4	[('invent', 'a')]
Product-Producer(e2,e1)	BIGRAM	1.000	4	[('build', 'a')]
Entity-Origin(e1,e2)	BIGRAM	1.000	4	[('evaporate', 'from')]
Entity-Origin(e1,e2)	BIGRAM	1.000	4	[('off', 'from')]
Entity-Origin(e1,e2)	BIGRAM	1.000	4	[('produce', 'from')]
Entity-Origin(e1,e2)	BIGRAM	1.000	4	[('move', 'from')]
Entity-Origin(e1,e2)	BIGRAM	1.000	4	[('from', 'outer')]
Entity-Origin(e1,e2)	BIGRAM	1.000	4	[('from', 'past')]
Entity-Origin(e1,e2)	LEMMA	1.000	4	['abscond']
Entity-Origin(e1,e2)	BIGRAM	1.000	4	[('abscond', 'from')]
Cause-Effect(e1,e2)	LEMMA	1.000	4	['acne']
Cause-Effect(e1,e2)	BIGRAM	1.000	4	[('which', 'cause')]
Message-Topic(e2,e1)	BIGRAM	1.000	4	[('be', 'document')]
Message-Topic(e2,e1)	LEMMA	1.000	4	['theme']
Message-Topic(e2,e1)	BIGRAM	1.000	4	[('summarise', 'in')]
Product-Producer(e1,e2)	BIGRAM	1.000	4	[('the', 'pen')]
Product-Producer(e1,e2)	BIGRAM	1.000	4	[('pen', 'of')]
Other	DEP_VERB	1.000	4	['cultivate', 'nsubj', 'dobj']
Message-Topic(e1,e2)	DEP_VERB	1.000	4	['show', 'nsubj', 'dobj']
Message-Topic(e2,e1)	DEP_VERB	1.000	4	['receive', 'nsubj', 'dobj']
Component-Whole(e2,e1)	BIGRAM	1.000	3	[('regulate', 'the')]
Component-Whole(e2,e1)	LEMMA	1.000	3	['vastus']
Component-Whole(e2,e1)	LEMMA	1.000	3	['front']
Other	LEMMA	1.000	3	['temple']
Other	LEMMA	1.000	3	['vessel']
Other	BIGRAM	1.000	3	[('associate', 'with')]
Other	BEFORE_E1	1.000	3	['inherit']
Other	LEMMA	1.000	3	['prove']
Other	BIGRAM	1.000	3	[('extend', 'from')]
Other	BIGRAM	1.000	3	[('be', 'indicate')]
Other	BIGRAM	1.000	3	[('indicate', 'with')]
Other	BIGRAM	1.000	3	[('an', 'initial')]
Other	LEMMA	1.000	3	['user']
Other	BEFORE_E1	1.000	3	['infamous']
Other	BIGRAM	1.000	3	[('have', 'depart')]
Other	BIGRAM	1.000	3	[('depart', 'into')]
Other	BIGRAM	1.000	3	[('attach', 'to')]
Instrument-Agency(e2,e1)	BIGRAM	1.000	3	[('clean', 'the')]
Instrument-Agency(e2,e1)	LEMMA	1.000	3	['stir']
Instrument-Agency(e2,e1)	BIGRAM	1.000	3	[('stir', 'the')]
Instrument-Agency(e2,e1)	BIGRAM	1.000	3	[('less', 'than')]
Instrument-Agency(e2,e1)	BIGRAM	1.000	3	[('access', 'the')]
Instrument-Agency(e2,e1)	BIGRAM	1.000	3	[('they', 'with')]
Instrument-Agency(e2,e1)	BIGRAM	1.000	3	[('treat', 'the')]
Instrument-Agency(e2,e1)	BIGRAM	1.000	3	[('tear', 'the')]
Instrument-Agency(e2,e1)	BIGRAM	1.000	3	[('kill', 'she')]
Instrument-Agency(e2,e1)	LEMMA	1.000	3	['threaten']
Instrument-Agency(e2,e1)	BIGRAM	1.000	3	[('choose', 'the')]
Cause-Effect(e2,e1)	BIGRAM	1.000	3	[('by', 'infection')]
Cause-Effect(e2,e1)	BIGRAM	1.000	3	[('infection', 'with')]
Cause-Effect(e2,e1)	LEMMA	1.000	3	['bacterial']
Entity-Destination(e1,e2)	BIGRAM	1.000	3	[('into', 'several')]
Entity-Destination(e1,e2)	LEMMA	1.000	3	['postpone']
Entity-Destination(e1,e2)	BIGRAM	1.000	3	[('be', 'postpone')]
Entity-Destination(e1,e2)	BIGRAM	1.000	3	[('postpone', 'to')]
Entity-Destination(e1,e2)	BEFORE_E1	1.000	3	['place']
Entity-Destination(e1,e2)	BEFORE_E1	1.000	3	['implant']
Entity-Destination(e1,e2)	BIGRAM	1.000	3	[('spread', 'to')]
Entity-Destination(e1,e2)	BIGRAM	1.000	3	[('into', 'her')]
Entity-Destination(e1,e2)	BEFORE_E1	1.000	3	['japanese']
Entity-Destination(e1,e2)	BIGRAM	1.000	3	[('to', 'several')]
Entity-Destination(e1,e2)	BIGRAM	1.000	3	[('then', 'place')]
Entity-Destination(e1,e2)	BIGRAM	1.000	3	[('into', 'its')]
Entity-Destination(e1,e2)	BIGRAM	1.000	3	[('be', 'award')]
Entity-Destination(e1,e2)	BIGRAM	1.000	3	[('insert', 'into')]
Entity-Destination(e1,e2)	BIGRAM	1.000	3	[('be', 'arrive')]
Entity-Destination(e1,e2)	BEFORE_E1	1.000	3	['dump']
Entity-Destination(e1,e2)	BIGRAM	1.000	3	[('be', 'enter')]
Entity-Destination(e1,e2)	BIGRAM	1.000	3	[('be', 'pour')]
Entity-Destination(e1,e2)	BIGRAM	1.000	3	[('pour', 'into')]
Entity-Destination(e1,e2)	BIGRAM	1.000	3	[('have', 'fly')]
Content-Container(e1,e2)	BIGRAM	1.000	3	[('sit', 'in')]
Content-Container(e1,e2)	AFTER_E2	1.000	3	['label']
Content-Container(e1,e2)	AFTER_E2	1.000	3	['full']
Content-Container(e1,e2)	BEFORE_E1	1.000	3	['keep']
Message-Topic(e1,e2)	LEMMA	1.000	3	['remind']
Message-Topic(e1,e2)	BIGRAM	1.000	3	[('give', 'detail')]
Message-Topic(e1,e2)	LEMMA	1.000	3	['relative']
Message-Topic(e1,e2)	BEFORE_E1	1.000	3	['comprehensive']
Message-Topic(e1,e2)	BIGRAM	1.000	3	[('relate', 'the')]
Message-Topic(e1,e2)	BEFORE_E1	1.000	3	['monthly']
Message-Topic(e1,e2)	BIGRAM	1.000	3	[('illustrate', 'the')]
Message-Topic(e1,e2)	BIGRAM	1.000	3	[('prepare', 'on')]
Message-Topic(e1,e2)	BIGRAM	1.000	3	[('to', 'present')]
Message-Topic(e1,e2)	LEMMA	1.000	3	['summary']
Message-Topic(e1,e2)	BIGRAM	1.000	3	[('a', 'summary')]
Message-Topic(e1,e2)	BIGRAM	1.000	3	[('summary', 'of')]
Message-Topic(e1,e2)	BIGRAM	1.000	3	[('declare', 'the')]
Message-Topic(e1,e2)	LEMMA	1.000	3	['assert']
Message-Topic(e1,e2)	BIGRAM	1.000	3	[('tell', 'of')]
Message-Topic(e1,e2)	BIGRAM	1.000	3	[('that', 'comment')]
Message-Topic(e1,e2)	BIGRAM	1.000	3	[('a', 'description')]
Message-Topic(e1,e2)	BIGRAM	1.000	3	[('detail', 'the')]
Message-Topic(e1,e2)	BIGRAM	1.000	3	[('explore', 'the')]
Message-Topic(e1,e2)	LEMMA	1.000	3	['introduction']
Message-Topic(e1,e2)	BIGRAM	1.000	3	[('an', 'introduction')]
Message-Topic(e1,e2)	BIGRAM	1.000	3	[('highlight', 'the')]
Message-Topic(e1,e2)	BIGRAM	1.000	3	[('the', 'point')]
Message-Topic(e1,e2)	BIGRAM	1.000	3	[('point', 'that')]
Message-Topic(e1,e2)	LEMMA	1.000	3	['class']
Message-Topic(e1,e2)	BIGRAM	1.000	3	[('out', 'that')]
Message-Topic(e1,e2)	LEMMA	1.000	3	['compare']
Message-Topic(e1,e2)	BIGRAM	1.000	3	[('reveal', 'the')]
Message-Topic(e1,e2)	BIGRAM	1.000	3	[('show', 'a')]
Message-Topic(e1,e2)	BEFORE_E1	1.000	3	['detailed']
Product-Producer(e2,e1)	BIGRAM	1.000	3	[('just', 'complete')]
Product-Producer(e2,e1)	BIGRAM	1.000	3	[("'s", 'output')]
Product-Producer(e2,e1)	BIGRAM	1.000	3	[('who', 'do')]
Product-Producer(e2,e1)	BIGRAM	1.000	3	[('say', 'in')]
Product-Producer(e2,e1)	BIGRAM	1.000	3	[('production', 'of')]
Product-Producer(e2,e1)	BIGRAM	1.000	3	[('complete', 'the')]
Product-Producer(e2,e1)	BIGRAM	1.000	3	[('post', 'a')]
Product-Producer(e2,e1)	BIGRAM	1.000	3	[('draft', 'the')]
Product-Producer(e2,e1)	BIGRAM	1.000	3	[('who', 'write')]
Product-Producer(e2,e1)	BIGRAM	1.000	3	[('have', 'draw')]
Product-Producer(e2,e1)	BIGRAM	1.000	3	[('manufacture', 'the')]
Member-Collection(e2,e1)	LEMMA	1.000	3	['baby']
Member-Collection(e2,e1)	BIGRAM	1.000	3	[('of', 'seven')]
Member-Collection(e2,e1)	BIGRAM	1.000	3	[('of', 'senior')]
Entity-Origin(e1,e2)	BIGRAM	1.000	3	[('leave', 'her')]
Entity-Origin(e1,e2)	BIGRAM	1.000	3	[('her', 'native')]
Entity-Origin(e1,e2)	LEMMA	1.000	3	['evolve']
Entity-Origin(e1,e2)	BIGRAM	1.000	3	[('be', 'evolve')]
Entity-Origin(e1,e2)	BIGRAM	1.000	3	[('evolve', 'from')]
Entity-Origin(e1,e2)	LEMMA	1.000	3	['elude']
Entity-Origin(e1,e2)	BIGRAM	1.000	3	[('elude', 'from')]
Entity-Origin(e1,e2)	LEMMA	1.000	3	['ferment']
Entity-Origin(e1,e2)	BIGRAM	1.000	3	[('from', 'ferment')]
Entity-Origin(e1,e2)	BIGRAM	1.000	3	[('from', 'my')]
Entity-Origin(e1,e2)	BIGRAM	1.000	3	[('an', 'ancient')]
Entity-Origin(e1,e2)	BIGRAM	1.000	3	[('his', 'small')]
Cause-Effect(e1,e2)	LEMMA	1.000	3	['ding']
Cause-Effect(e1,e2)	BIGRAM	1.000	3	[('cause', 'heart')]
Cause-Effect(e1,e2)	LEMMA	1.000	3	['dryness']
Cause-Effect(e1,e2)	BIGRAM	1.000	3	[('cause', 'dryness')]
Cause-Effect(e1,e2)	LEMMA	1.000	3	['illness']
Cause-Effect(e1,e2)	BIGRAM	1.000	3	[('cause', 'respiratory')]
Cause-Effect(e1,e2)	LEMMA	1.000	3	['headache']
Cause-Effect(e1,e2)	BIGRAM	1.000	3	[('cause', 'headache')]
Cause-Effect(e1,e2)	BIGRAM	1.000	3	[('headache', 'and')]
Cause-Effect(e1,e2)	BIGRAM	1.000	3	[('stress', 'and')]
Cause-Effect(e1,e2)	BIGRAM	1.000	3	[('cause', 'stress')]
Cause-Effect(e1,e2)	LEMMA	1.000	3	['medial']
Cause-Effect(e1,e2)	LEMMA	1.000	3	['severe']
Cause-Effect(e1,e2)	BIGRAM	1.000	3	[('the', 'medial')]
Cause-Effect(e1,e2)	BIGRAM	1.000	3	[('medial', 'part')]
Cause-Effect(e1,e2)	BIGRAM	1.000	3	[('instigate', 'the')]
Cause-Effect(e1,e2)	BIGRAM	1.000	3	[('emit', 'a')]
Component-Whole(e1,e2)	AFTER_E2	1.000	3	['open']
Component-Whole(e1,e2)	LEMMA	1.000	3	['later']
Component-Whole(e1,e2)	AFTER_E2	1.000	3	['itself']
Component-Whole(e1,e2)	BIGRAM	1.000	3	[('basic', 'element')]
Message-Topic(e2,e1)	BIGRAM	1.000	3	[('be', 'analyse')]
Message-Topic(e2,e1)	BIGRAM	1.000	3	[('analyse', 'in')]
Message-Topic(e2,e1)	BIGRAM	1.000	3	[('theme', 'of')]
Message-Topic(e2,e1)	BIGRAM	1.000	3	[('be', 'summarise')]
Message-Topic(e2,e1)	BIGRAM	1.000	3	[('document', 'in')]
Message-Topic(e2,e1)	BIGRAM	1.000	3	[('discuss', 'in')]
Message-Topic(e2,e1)	BIGRAM	1.000	3	[('be', 'consider')]
Message-Topic(e2,e1)	BIGRAM	1.000	3	[('be', 'depict')]
Message-Topic(e2,e1)	BIGRAM	1.000	3	[('depict', 'in')]
Message-Topic(e2,e1)	BIGRAM	1.000	3	[('already', 'be')]
Product-Producer(e1,e2)	BIGRAM	1.000	3	[('having', 'be')]
Product-Producer(e1,e2)	LEMMA	1.000	3	['imagination']
Product-Producer(e1,e2)	BIGRAM	1.000	3	[('imagination', 'of')]
Product-Producer(e1,e2)	BIGRAM	1.000	3	[('be', 'create')]
Product-Producer(e1,e2)	BIGRAM	1.000	3	[('cook', 'by')]
Product-Producer(e1,e2)	LEMMA	1.000	3	['italian']
Product-Producer(e1,e2)	BIGRAM	1.000	3	[('an', 'italian')]
Other	DEP_VERB	1.000	3	['denote', 'nsubj', 'dobj']
Other	DEP_VERB	1.000	3	['plant', 'nsubj', 'dobj']
Member-Collection(e1,e2)	DEP_VERB	1.000	3	['join', 'nsubj', 'dobj']
Message-Topic(e1,e2)	DEP_VERB	1.000	3	['advertise', 'nsubj', 'dobj']
Message-Topic(e1,e2)	DEP_VERB	1.000	3	['define', 'nsubj', 'dobj']
Message-Topic(e1,e2)	DEP_VERB	1.000	3	['declare', 'nsubj', 'dobj']
Message-Topic(e1,e2)	DEP_VERB	1.000	3	['relate', 'nsubj', 'dobj']
Message-Topic(e1,e2)	DEP_VERB	1.000	3	['illustrate', 'nsubj', 'dobj']
Message-Topic(e1,e2)	DEP_VERB	1.000	3	['depict', 'nsubj', 'dobj']
Message-Topic(e1,e2)	DEP_VERB	1.000	3	['outline', 'nsubj', 'dobj']
Message-Topic(e1,e2)	DEP_VERB	1.000	3	['detail', 'nsubj', 'dobj']
Message-Topic(e1,e2)	DEP_VERB	1.000	3	['point', 'nsubj', 'dobj']
Cause-Effect(e1,e2)	DEP_VERB	1.000	3	['radiate', 'nsubj', 'dobj']
Component-Whole(e2,e1)	LEMMA	1.000	2	['quadricep']
Component-Whole(e2,e1)	LEMMA	1.000	2	['femoris']
Component-Whole(e2,e1)	BIGRAM	1.000	2	[('be', 'fit')]
Component-Whole(e2,e1)	BIGRAM	1.000	2	[('fit', 'with')]
Component-Whole(e2,e1)	BIGRAM	1.000	2	[('a', 'pair')]
Component-Whole(e2,e1)	BIGRAM	1.000	2	[('bring', 'together')]
Component-Whole(e2,e1)	BIGRAM	1.000	2	[('begin', 'with')]
Component-Whole(e2,e1)	BIGRAM	1.000	2	[('a', 'full')]
Component-Whole(e2,e1)	LEMMA	1.000	2	['fully']
Component-Whole(e2,e1)	BIGRAM	1.000	2	[('a', 'fully')]
Component-Whole(e2,e1)	BIGRAM	1.000	2	[('process', 'the')]
Component-Whole(e2,e1)	LEMMA	1.000	2	['stretch']
Component-Whole(e2,e1)	BEFORE_E1	1.000	2	['connector']
Component-Whole(e2,e1)	LEMMA	1.000	2	['load']
Component-Whole(e2,e1)	BIGRAM	1.000	2	[('a', 'spring')]
Component-Whole(e2,e1)	BIGRAM	1.000	2	[('spring', 'load')]
Component-Whole(e2,e1)	LEMMA	1.000	2	['dual']
Component-Whole(e2,e1)	BIGRAM	1.000	2	[('a', 'dual')]
Component-Whole(e2,e1)	BIGRAM	1.000	2	[('with', 'small')]
Component-Whole(e2,e1)	BIGRAM	1.000	2	[('on', 'its')]
Component-Whole(e2,e1)	BIGRAM	1.000	2	[('be', 'far')]
Component-Whole(e2,e1)	BIGRAM	1.000	2	[('far', 'comprise')]
Component-Whole(e2,e1)	LEMMA	1.000	2	['bath']
Component-Whole(e2,e1)	BIGRAM	1.000	2	[('a', 'central')]
Component-Whole(e2,e1)	BEFORE_E1	1.000	2	['classic']
Component-Whole(e2,e1)	LEMMA	1.000	2	['maximum']
Component-Whole(e2,e1)	BIGRAM	1.000	2	[('a', 'maximum')]
Component-Whole(e2,e1)	BIGRAM	1.000	2	[('contain', 'various')]
Other	BIGRAM	1.000	2	[('pertinent', 'to')]
Other	BIGRAM	1.000	2	[('denote', 'by')]
Other	BIGRAM	1.000	2	[('the', 'product')]
Other	BIGRAM	1.000	2	[('product', 'of')]
Other	BIGRAM	1.000	2	[('to', 'report')]
Other	BIGRAM	1.000	2	[('cure', 'for')]
Other	BIGRAM	1.000	2	[('temple', 'by')]
Other	LEMMA	1.000	2	['assembly']
Other	BIGRAM	1.000	2	[('the', 'vessel')]
Other	BIGRAM	1.000	2	[('a', 'genetically')]
Other	BIGRAM	1.000	2	[('genetically', 'engineer')]
Other	BEFORE_E1	1.000	2	['before']
Other	BIGRAM	1.000	2	[('of', 'fellow')]
Other	BIGRAM	1.000	2	[('denote', 'with')]
Other	LEMMA	1.000	2	['intensive']
Other	BEFORE_E1	1.000	2	['slide']
Other	BEFORE_E1	1.000	2	['complete']
Other	LEMMA	1.000	2	['simply']
Other	BIGRAM	1.000	2	[('be', 'extend')]
Other	BIGRAM	1.000	2	[('to', 'assess')]
Other	LEMMA	1.000	2	['wave']
Other	BIGRAM	1.000	2	[('denote', 'the')]
Other	LEMMA	1.000	2	['difficult']
Other	BIGRAM	1.000	2	[('a', 'difficult')]
Other	BIGRAM	1.000	2	[('escape', 'an')]
Other	BIGRAM	1.000	2	[('require', 'a')]
Other	LEMMA	1.000	2	['fulfill']
Other	LEMMA	1.000	2	['mathematical']
Other	LEMMA	1.000	2	['reduce']
Other	LEMMA	1.000	2	['preliminary']
Other	BIGRAM	1.000	2	[('the', 'preliminary')]
Other	BIGRAM	1.000	2	[('a', 'successful')]
Other	LEMMA	1.000	2	['diminish']
Other	LEMMA	1.000	2	['miracle']
Other	BIGRAM	1.000	2	[('a', 'miracle')]
Other	LEMMA	1.000	2	['attempt']
Other	LEMMA	1.000	2	['medicine']
Other	BIGRAM	1.000	2	[('of', 'medicine')]
Other	LEMMA	1.000	2	['substrate']
Other	LEMMA	1.000	2	['profit']
Other	LEMMA	1.000	2	['hole']
Other	BIGRAM	1.000	2	[('a', 'secure')]
Other	BIGRAM	1.000	2	[('into', 'great')]
Other	BIGRAM	1.000	2	[('vessel', 'be')]
Other	BIGRAM	1.000	2	[('be', 'assist')]
Other	BIGRAM	1.000	2	[('assist', 'by')]
Other	BIGRAM	1.000	2	[('on', 'which')]
Other	BIGRAM	1.000	2	[('be', 'attach')]
Other	LEMMA	1.000	2	['copy']
Other	BEFORE_E1	1.000	2	['outdoor']
Other	BEFORE_E1	1.000	2	['considerable']
Other	LEMMA	1.000	2	['diamond']
Other	BIGRAM	1.000	2	[('the', 'home')]
Other	BIGRAM	1.000	2	[('home', 'with')]
Other	BIGRAM	1.000	2	[('only', 'the')]
Other	BIGRAM	1.000	2	[('this', 'article')]
Other	BIGRAM	1.000	2	[('article', 'investigate')]
Other	BIGRAM	1.000	2	[('investigate', 'two')]
Other	BIGRAM	1.000	2	[('plant', 'a')]
Other	BIGRAM	1.000	2	[('the', 'child')]
Other	LEMMA	1.000	2	['determine']
Other	BIGRAM	1.000	2	[('to', 'determine')]
Other	LEMMA	1.000	2	['inspire']
Other	BIGRAM	1.000	2	[('be', 'inspire')]
Other	BIGRAM	1.000	2	[('inspire', 'by')]
Other	AFTER_E2	1.000	2	['early']
Other	LEMMA	1.000	2	['insurance']
Other	LEMMA	1.000	2	['bullet']
Other	BIGRAM	1.000	2	[('a', 'bullet')]
Other	BIGRAM	1.000	2	[('a', 'valuable')]
Other	BIGRAM	1.000	2	[('valuable', 'contribution')]
Other	LEMMA	1.000	2	['accompany']
Other	BEFORE_E1	1.000	2	['bake']
Other	BIGRAM	1.000	2	[('still', 'under')]
Other	BEFORE_E1	1.000	2	['eight']
Other	BIGRAM	1.000	2	[('the', 'criminal')]
Other	LEMMA	1.000	2	['convincing']
Other	BIGRAM	1.000	2	[('a', 'convincing')]
Other	LEMMA	1.000	2	['recover']
Other	BIGRAM	1.000	2	[('recover', 'from')]
Other	LEMMA	1.000	2	['aim']
Other	BIGRAM	1.000	2	[('the', 'south')]
Other	BIGRAM	1.000	2	[('benefit', 'from')]
Other	LEMMA	1.000	2	['effortlessly']
Other	BIGRAM	1.000	2	[('cut', 'with')]
Other	BIGRAM	1.000	2	[('be', 'cut')]
Other	AFTER_E2	1.000	2	['easy']
Other	BIGRAM	1.000	2	[('send', 'by')]
Instrument-Agency(e2,e1)	LEMMA	1.000	2	['portable']
Instrument-Agency(e2,e1)	BIGRAM	1.000	2	[('a', 'portable')]
Instrument-Agency(e2,e1)	LEMMA	1.000	2	['calibrate']
Instrument-Agency(e2,e1)	BIGRAM	1.000	2	[('calibrate', 'the')]
Instrument-Agency(e2,e1)	BIGRAM	1.000	2	[('the', 'potato')]
Instrument-Agency(e2,e1)	LEMMA	1.000	2	['colored']
Instrument-Agency(e2,e1)	BIGRAM	1.000	2	[('with', 'colored')]
Instrument-Agency(e2,e1)	LEMMA	1.000	2	['diagnostic']
Instrument-Agency(e2,e1)	LEMMA	1.000	2	['movement']
Instrument-Agency(e2,e1)	BIGRAM	1.000	2	[('attach', 'the')]
Instrument-Agency(e2,e1)	BIGRAM	1.000	2	[('mark', 'their')]
Instrument-Agency(e2,e1)	BIGRAM	1.000	2	[('cup', 'of')]
Instrument-Agency(e2,e1)	LEMMA	1.000	2	['dish']
Instrument-Agency(e2,e1)	BIGRAM	1.000	2	[('create', 'dish')]
Instrument-Agency(e2,e1)	BIGRAM	1.000	2	[('dish', 'use')]
Instrument-Agency(e2,e1)	BIGRAM	1.000	2	[('use', 'farm')]
Instrument-Agency(e2,e1)	BIGRAM	1.000	2	[('farm', 'fresh')]
Instrument-Agency(e2,e1)	BIGRAM	1.000	2	[('wall', 'use')]
Instrument-Agency(e2,e1)	LEMMA	1.000	2	['lightly']
Instrument-Agency(e2,e1)	BIGRAM	1.000	2	[('touch', 'the')]
Instrument-Agency(e2,e1)	BIGRAM	1.000	2	[('hand', 'hold')]
Instrument-Agency(e2,e1)	BIGRAM	1.000	2	[('fly', 'to')]
Instrument-Agency(e2,e1)	BIGRAM	1.000	2	[('bake', 'the')]
Instrument-Agency(e2,e1)	BIGRAM	1.000	2	[('blast', 'the')]
Instrument-Agency(e2,e1)	BIGRAM	1.000	2	[('picture', 'with')]
Instrument-Agency(e2,e1)	LEMMA	1.000	2	['possession']
Instrument-Agency(e2,e1)	LEMMA	1.000	2	['employ']
Instrument-Agency(e2,e1)	BIGRAM	1.000	2	[('that', 'employ')]
Instrument-Agency(e2,e1)	BIGRAM	1.000	2	[('employ', 'a')]
Instrument-Agency(e2,e1)	LEMMA	1.000	2	['wbai']
Instrument-Agency(e2,e1)	BIGRAM	1.000	2	[('receive', 'wbai')]
Instrument-Agency(e2,e1)	BIGRAM	1.000	2	[('wbai', 'live')]
Instrument-Agency(e2,e1)	BIGRAM	1.000	2	[('live', 'over')]
Instrument-Agency(e2,e1)	LEMMA	1.000	2	['charge']
Instrument-Agency(e2,e1)	BIGRAM	1.000	2	[('buy', 'his')]
Instrument-Agency(e2,e1)	BIGRAM	1.000	2	[('picture', 'use')]
Instrument-Agency(e2,e1)	LEMMA	1.000	2	['usage']
Instrument-Agency(e2,e1)	LEMMA	1.000	2	['dimension']
Instrument-Agency(e2,e1)	BIGRAM	1.000	2	[('dimension', 'by')]
Instrument-Agency(e2,e1)	LEMMA	1.000	2	['wear']
Instrument-Agency(e2,e1)	BIGRAM	1.000	2	[('a', 'cotton')]
Instrument-Agency(e2,e1)	BIGRAM	1.000	2	[('eat', 'the')]
Instrument-Agency(e2,e1)	BIGRAM	1.000	2	[('tree', 'with')]
Instrument-Agency(e2,e1)	BIGRAM	1.000	2	[('head', 'with')]
Instrument-Agency(e2,e1)	BIGRAM	1.000	2	[('to', 'use')]
Instrument-Agency(e2,e1)	BIGRAM	1.000	2	[('pull', 'the')]
Instrument-Agency(e2,e1)	LEMMA	1.000	2	['deface']
Instrument-Agency(e2,e1)	BIGRAM	1.000	2	[('deface', 'the')]
Instrument-Agency(e2,e1)	BIGRAM	1.000	2	[('vehicle', 'with')]
Instrument-Agency(e2,e1)	BIGRAM	1.000	2	[('process', 'a')]
Instrument-Agency(e2,e1)	BIGRAM	1.000	2	[('wood', 'with')]
Instrument-Agency(e2,e1)	LEMMA	1.000	2	['hard']
Instrument-Agency(e2,e1)	LEMMA	1.000	2	['sweep']
Instrument-Agency(e2,e1)	BIGRAM	1.000	2	[('sweep', 'the')]
Instrument-Agency(e2,e1)	BIGRAM	1.000	2	[('wield', 'a')]
Instrument-Agency(e2,e1)	BIGRAM	1.000	2	[('take', 'his')]
Member-Collection(e1,e2)	LEMMA	1.000	2	['select']
Member-Collection(e1,e2)	BIGRAM	1.000	2	[("'s", 'rule')]
Member-Collection(e1,e2)	LEMMA	1.000	2	['gather']
Member-Collection(e1,e2)	BIGRAM	1.000	2	[('gather', 'in')]
Member-Collection(e1,e2)	BIGRAM	1.000	2	[('join', 'the')]
Cause-Effect(e2,e1)	BIGRAM	1.000	2	[('stomach', 'cause')]
Cause-Effect(e2,e1)	BEFORE_E1	1.000	2	['chronic']
Cause-Effect(e2,e1)	BIGRAM	1.000	2	[('by', 'water')]
Cause-Effect(e2,e1)	BIGRAM	1.000	2	[('or', 'by')]
Cause-Effect(e2,e1)	LEMMA	1.000	2	['inflammation']
Cause-Effect(e2,e1)	LEMMA	1.000	2	['chernobyl']
Cause-Effect(e2,e1)	BIGRAM	1.000	2	[('the', 'chernobyl')]
Cause-Effect(e2,e1)	BIGRAM	1.000	2	[('the', 'brain')]
Cause-Effect(e2,e1)	AFTER_E2	1.000	2	['damage']
Cause-Effect(e2,e1)	LEMMA	1.000	2	['sudden']
Cause-Effect(e2,e1)	BIGRAM	1.000	2	[('by', 'take')]
Cause-Effect(e2,e1)	BIGRAM	1.000	2	[('the', 'massive')]
Cause-Effect(e2,e1)	BEFORE_E1	1.000	2	['enormous']
Cause-Effect(e2,e1)	BIGRAM	1.000	2	[('the', 'grow')]
Cause-Effect(e2,e1)	BEFORE_E1	1.000	2	['voltage']
Cause-Effect(e2,e1)	BIGRAM	1.000	2	[('a', 'blood')]
Cause-Effect(e2,e1)	LEMMA	1.000	2	['pin']
Cause-Effect(e2,e1)	BEFORE_E1	1.000	2	['abdominal']
Cause-Effect(e2,e1)	LEMMA	1.000	2	['discomfort']
Cause-Effect(e2,e1)	BIGRAM	1.000	2	[('and', 'discomfort')]
Cause-Effect(e2,e1)	LEMMA	1.000	2	['anger']
Cause-Effect(e2,e1)	LEMMA	1.000	2	['fever']
Cause-Effect(e2,e1)	BEFORE_E1	1.000	2	['electromagnetic']
Cause-Effect(e2,e1)	BEFORE_E1	1.000	2	['get']
Cause-Effect(e2,e1)	BEFORE_E1	1.000	2	['terrible']
Cause-Effect(e2,e1)	LEMMA	1.000	2	['continuous']
Cause-Effect(e2,e1)	LEMMA	1.000	2	['ulcer']
Cause-Effect(e2,e1)	LEMMA	1.000	2	['h5n1']
Cause-Effect(e2,e1)	BIGRAM	1.000	2	[('the', 'h5n1')]
Cause-Effect(e2,e1)	LEMMA	1.000	2	['fifth']
Cause-Effect(e2,e1)	BIGRAM	1.000	2	[('the', 'fifth')]
Cause-Effect(e2,e1)	BIGRAM	1.000	2	[('fifth', 'century')]
Cause-Effect(e2,e1)	BIGRAM	1.000	2	[('century', 'be')]
Cause-Effect(e2,e1)	LEMMA	1.000	2	['h1n1']
Cause-Effect(e2,e1)	BIGRAM	1.000	2	[('the', 'h1n1')]
Cause-Effect(e2,e1)	LEMMA	1.000	2	['hepatitis']
Cause-Effect(e2,e1)	BIGRAM	1.000	2	[('the', 'hepatitis')]
Cause-Effect(e2,e1)	BEFORE_E1	1.000	2	['liver']
Cause-Effect(e2,e1)	LEMMA	1.000	2	['noise']
Cause-Effect(e2,e1)	BIGRAM	1.000	2	[('or', 'pimple')]
Cause-Effect(e2,e1)	BIGRAM	1.000	2	[('pimple', 'be')]
Cause-Effect(e2,e1)	BIGRAM	1.000	2	[('from', 'alcohol')]
Cause-Effect(e2,e1)	BEFORE_E1	1.000	2	['neck']
Cause-Effect(e2,e1)	LEMMA	1.000	2	['sinus']
Cause-Effect(e2,e1)	LEMMA	1.000	2	['terrible']
Cause-Effect(e2,e1)	BIGRAM	1.000	2	[('the', 'terrible')]
Cause-Effect(e2,e1)	LEMMA	1.000	2	['storm']
Cause-Effect(e2,e1)	BEFORE_E1	1.000	2	['muscle']
Cause-Effect(e2,e1)	BEFORE_E1	1.000	2	['clock']
Cause-Effect(e2,e1)	LEMMA	1.000	2	['electron']
Cause-Effect(e2,e1)	BEFORE_E1	1.000	2	['skin']
Cause-Effect(e2,e1)	BEFORE_E1	1.000	2	['widespread']
Cause-Effect(e2,e1)	BEFORE_E1	1.000	2	['minimize']
Cause-Effect(e2,e1)	BEFORE_E1	1.000	2	['eye']
Entity-Destination(e1,e2)	BEFORE_E1	1.000	2	['derive']
Entity-Destination(e1,e2)	BIGRAM	1.000	2	[('now', 'be')]
Entity-Destination(e1,e2)	LEMMA	1.000	2	['sterile']
Entity-Destination(e1,e2)	BIGRAM	1.000	2	[('into', 'warm')]
Entity-Destination(e1,e2)	BIGRAM	1.000	2	[('then', 'be')]
Entity-Destination(e1,e2)	BIGRAM	1.000	2	[('have', 'approach')]
Entity-Destination(e1,e2)	LEMMA	1.000	2	['transfer']
Entity-Destination(e1,e2)	BIGRAM	1.000	2	[('into', 'develop')]
Entity-Destination(e1,e2)	BIGRAM	1.000	2	[('arrive', 'at')]
Entity-Destination(e1,e2)	BIGRAM	1.000	2	[('to', 'my')]
Entity-Destination(e1,e2)	AFTER_E2	1.000	2	['kill']
Entity-Destination(e1,e2)	LEMMA	1.000	2	['empty']
Entity-Destination(e1,e2)	BIGRAM	1.000	2	[('an', 'empty')]
Entity-Destination(e1,e2)	BIGRAM	1.000	2	[('to', 'their')]
Entity-Destination(e1,e2)	LEMMA	1.000	2	['brand']
Entity-Destination(e1,e2)	LEMMA	1.000	2	['transport']
Entity-Destination(e1,e2)	BIGRAM	1.000	2	[('transport', 'into')]
Entity-Destination(e1,e2)	BIGRAM	1.000	2	[('release', 'back')]
Entity-Destination(e1,e2)	BIGRAM	1.000	2	[('be', 'successfully')]
Entity-Destination(e1,e2)	BIGRAM	1.000	2	[('into', 'different')]
Entity-Destination(e1,e2)	AFTER_E2	1.000	2	['together']
Entity-Destination(e1,e2)	LEMMA	1.000	2	['fetch']
Entity-Destination(e1,e2)	BIGRAM	1.000	2	[('be', 'fetch')]
Entity-Destination(e1,e2)	BIGRAM	1.000	2	[('fetch', 'into')]
Entity-Destination(e1,e2)	BIGRAM	1.000	2	[('into', 'these')]
Entity-Destination(e1,e2)	BIGRAM	1.000	2	[('a', 'deep')]
Entity-Destination(e1,e2)	BIGRAM	1.000	2	[('into', 'some')]
Entity-Destination(e1,e2)	BIGRAM	1.000	2	[('a', 'top')]
Entity-Destination(e1,e2)	LEMMA	1.000	2	['implant']
Entity-Destination(e1,e2)	BIGRAM	1.000	2	[('be', 'implant')]
Entity-Destination(e1,e2)	BIGRAM	1.000	2	[('implant', 'into')]
Entity-Destination(e1,e2)	BIGRAM	1.000	2	[('be', 'flow')]
Entity-Destination(e1,e2)	BIGRAM	1.000	2	[('be', 'post')]
Entity-Destination(e1,e2)	BIGRAM	1.000	2	[('post', 'to')]
Entity-Destination(e1,e2)	BIGRAM	1.000	2	[('to', 'other')]
Entity-Destination(e1,e2)	BIGRAM	1.000	2	[('into', 'both')]
Entity-Destination(e1,e2)	BIGRAM	1.000	2	[('country', 'be')]
Entity-Destination(e1,e2)	BIGRAM	1.000	2	[('into', 'people')]
Entity-Destination(e1,e2)	BIGRAM	1.000	2	[('people', "'s")]
Entity-Destination(e1,e2)	BEFORE_E1	1.000	2	['drop']
Entity-Destination(e1,e2)	BEFORE_E1	1.000	2	['industry']
Entity-Destination(e1,e2)	LEMMA	1.000	2	['dark']
Entity-Destination(e1,e2)	BIGRAM	1.000	2	[('be', 'instal')]
Entity-Destination(e1,e2)	BIGRAM	1.000	2	[('instal', 'in')]
Entity-Destination(e1,e2)	LEMMA	1.000	2	['outstanding']
Entity-Destination(e1,e2)	BEFORE_E1	1.000	2	['bestow']
Entity-Destination(e1,e2)	BIGRAM	1.000	2	[('the', 'open')]
Entity-Destination(e1,e2)	BEFORE_E1	1.000	2	['pack']
Entity-Destination(e1,e2)	LEMMA	1.000	2	['bankrupt']
Entity-Destination(e1,e2)	BIGRAM	1.000	2	[('leak', 'into')]
Content-Container(e1,e2)	AFTER_E2	1.000	2	['mark']
Content-Container(e1,e2)	LEMMA	1.000	2	['plain']
Content-Container(e1,e2)	BIGRAM	1.000	2	[('a', 'plain')]
Content-Container(e1,e2)	LEMMA	1.000	2	['insulate']
Content-Container(e1,e2)	LEMMA	1.000	2	['conditioning']
Content-Container(e1,e2)	BIGRAM	1.000	2	[('air', 'conditioning')]
Content-Container(e1,e2)	BIGRAM	1.000	2	[('a', 'gift')]
Content-Container(e1,e2)	LEMMA	1.000	2	['material']
Content-Container(e1,e2)	BIGRAM	1.000	2	[('be', 'forget')]
Content-Container(e1,e2)	BIGRAM	1.000	2	[('the', 'cia')]
Content-Container(e1,e2)	BIGRAM	1.000	2	[('cia', "'s")]
Message-Topic(e1,e2)	BEFORE_E1	1.000	2	['official']
Message-Topic(e1,e2)	BIGRAM	1.000	2	[('to', 'remind')]
Message-Topic(e1,e2)	BIGRAM	1.000	2	[('remind', 'they')]
Message-Topic(e1,e2)	BIGRAM	1.000	2	[('the', 'relative')]
Message-Topic(e1,e2)	BIGRAM	1.000	2	[('advertise', 'a')]
Message-Topic(e1,e2)	LEMMA	1.000	2	['exclusively']
Message-Topic(e1,e2)	BIGRAM	1.000	2	[('devote', 'exclusively')]
Message-Topic(e1,e2)	BIGRAM	1.000	2	[('exclusively', 'to')]
Message-Topic(e1,e2)	BIGRAM	1.000	2	[('review', 'of')]
Message-Topic(e1,e2)	BIGRAM	1.000	2	[('a', 'young')]
Message-Topic(e1,e2)	BIGRAM	1.000	2	[('the', 'six')]
Message-Topic(e1,e2)	BIGRAM	1.000	2	[('be', 'center')]
Message-Topic(e1,e2)	BIGRAM	1.000	2	[('promote', 'the')]
Message-Topic(e1,e2)	BIGRAM	1.000	2	[('criticize', 'the')]
Message-Topic(e1,e2)	BIGRAM	1.000	2	[('define', 'the')]
Message-Topic(e1,e2)	BEFORE_E1	1.000	2	['interview']
Message-Topic(e1,e2)	BIGRAM	1.000	2	[('be', 'that')]
Message-Topic(e1,e2)	BEFORE_E1	1.000	2	['examination']
Message-Topic(e1,e2)	BIGRAM	1.000	2	[('advertise', 'the')]
Message-Topic(e1,e2)	BIGRAM	1.000	2	[('among', 'other')]
Message-Topic(e1,e2)	BIGRAM	1.000	2	[('other', 'thing')]
Message-Topic(e1,e2)	BIGRAM	1.000	2	[('detail', 'of')]
Message-Topic(e1,e2)	BIGRAM	1.000	2	[('assert', 'the')]
Message-Topic(e1,e2)	BIGRAM	1.000	2	[('swirl', 'around')]
Message-Topic(e1,e2)	BIGRAM	1.000	2	[('have', 'special')]
Message-Topic(e1,e2)	BIGRAM	1.000	2	[('special', 'reference')]
Message-Topic(e1,e2)	BIGRAM	1.000	2	[('introduction', 'to')]
Message-Topic(e1,e2)	BIGRAM	1.000	2	[('be', 'devoted')]
Message-Topic(e1,e2)	BIGRAM	1.000	2	[('devoted', 'to')]
Message-Topic(e1,e2)	BIGRAM	1.000	2	[('picture', 'of')]
Message-Topic(e1,e2)	BIGRAM	1.000	2	[('social', 'and')]
Message-Topic(e1,e2)	BIGRAM	1.000	2	[('customer', 'about')]
Message-Topic(e1,e2)	LEMMA	1.000	2	['organise']
Message-Topic(e1,e2)	BIGRAM	1.000	2	[('organise', 'around')]
Message-Topic(e1,e2)	BIGRAM	1.000	2	[('account', 'the')]
Message-Topic(e1,e2)	BIGRAM	1.000	2	[('devote', 'entirely')]
Message-Topic(e1,e2)	BIGRAM	1.000	2	[('entirely', 'to')]
Message-Topic(e1,e2)	BEFORE_E1	1.000	2	['experimental']
Message-Topic(e1,e2)	BIGRAM	1.000	2	[('be', 'base')]
Message-Topic(e1,e2)	LEMMA	1.000	2	['overview']
Message-Topic(e1,e2)	BIGRAM	1.000	2	[('detailed', 'and')]
Message-Topic(e1,e2)	BIGRAM	1.000	2	[('overview', 'of')]
Message-Topic(e1,e2)	LEMMA	1.000	2	['limit']
Message-Topic(e1,e2)	BIGRAM	1.000	2	[('state', 'that')]
Message-Topic(e1,e2)	BIGRAM	1.000	2	[('document', 'the')]
Message-Topic(e1,e2)	BIGRAM	1.000	2	[('an', 'account')]
Message-Topic(e1,e2)	BIGRAM	1.000	2	[('account', 'of')]
Message-Topic(e1,e2)	BIGRAM	1.000	2	[('between', 'the')]
Message-Topic(e1,e2)	LEMMA	1.000	2	['pertain']
Message-Topic(e1,e2)	BIGRAM	1.000	2	[('pertain', 'to')]
Message-Topic(e1,e2)	LEMMA	1.000	2	['particular']
Message-Topic(e1,e2)	BIGRAM	1.000	2	[('outline', 'the')]
Message-Topic(e1,e2)	BIGRAM	1.000	2	[('the', 'political')]
Message-Topic(e1,e2)	BIGRAM	1.000	2	[('clear', 'the')]
Message-Topic(e1,e2)	BIGRAM	1.000	2	[('pilot', 'and')]
Message-Topic(e1,e2)	BIGRAM	1.000	2	[('allege', 'the')]
Message-Topic(e1,e2)	BIGRAM	1.000	2	[('look', 'at')]
Message-Topic(e1,e2)	BIGRAM	1.000	2	[('regard', 'the')]
Message-Topic(e1,e2)	BIGRAM	1.000	2	[('a', 'historical')]
Product-Producer(e2,e1)	BIGRAM	1.000	2	[('for', 'create')]
Product-Producer(e2,e1)	BIGRAM	1.000	2	[('a', 'giant')]
Product-Producer(e2,e1)	LEMMA	1.000	2	['synthesize']
Product-Producer(e2,e1)	BIGRAM	1.000	2	[('improvise', 'an')]
Product-Producer(e2,e1)	BIGRAM	1.000	2	[('know', 'for')]
Product-Producer(e2,e1)	BEFORE_E1	1.000	2	['steering']
Product-Producer(e2,e1)	BIGRAM	1.000	2	[('have', 'dig')]
Product-Producer(e2,e1)	BIGRAM	1.000	2	[('i', 'a')]
Product-Producer(e2,e1)	BIGRAM	1.000	2	[('turn', 'a')]
Product-Producer(e2,e1)	LEMMA	1.000	2	['employee']
Product-Producer(e2,e1)	LEMMA	1.000	2	['elaborate']
Product-Producer(e2,e1)	BIGRAM	1.000	2	[('an', 'elaborate')]
Product-Producer(e2,e1)	BIGRAM	1.000	2	[('game', 'into')]
Product-Producer(e2,e1)	BIGRAM	1.000	2	[('have', 'throw')]
Product-Producer(e2,e1)	BIGRAM	1.000	2	[('who', 'draft')]
Product-Producer(e2,e1)	LEMMA	1.000	2	['mated']
Product-Producer(e2,e1)	BIGRAM	1.000	2	[('a', 'mated')]
Product-Producer(e2,e1)	BIGRAM	1.000	2	[('mated', 'pair')]
Product-Producer(e2,e1)	BIGRAM	1.000	2	[('who', 'tell')]
Product-Producer(e2,e1)	BIGRAM	1.000	2	[("'s", 'new')]
Product-Producer(e2,e1)	BIGRAM	1.000	2	[('a', 'human')]
Product-Producer(e2,e1)	LEMMA	1.000	2	['situate']
Product-Producer(e2,e1)	BIGRAM	1.000	2	[('who', 'invent')]
Product-Producer(e2,e1)	LEMMA	1.000	2	['maple']
Product-Producer(e2,e1)	BIGRAM	1.000	2	[('have', 'produce')]
Product-Producer(e2,e1)	LEMMA	1.000	2	['factory']
Product-Producer(e2,e1)	LEMMA	1.000	2	['valid']
Product-Producer(e2,e1)	BIGRAM	1.000	2	[('a', 'valid')]
Product-Producer(e2,e1)	BIGRAM	1.000	2	[('recently', 'complete')]
Product-Producer(e2,e1)	BIGRAM	1.000	2	[('that', 'produce')]
Product-Producer(e2,e1)	LEMMA	1.000	2	['following']
Product-Producer(e2,e1)	LEMMA	1.000	2	['pea']
Product-Producer(e2,e1)	BIGRAM	1.000	2	[('who', 'create')]
Member-Collection(e2,e1)	BIGRAM	1.000	2	[('her', 'own')]
Member-Collection(e2,e1)	LEMMA	1.000	2	['king']
Member-Collection(e2,e1)	BEFORE_E1	1.000	2	['immense']
Member-Collection(e2,e1)	LEMMA	1.000	2	['scholar']
Member-Collection(e2,e1)	BIGRAM	1.000	2	[('of', 'giant')]
Member-Collection(e2,e1)	LEMMA	1.000	2	['slum']
Member-Collection(e2,e1)	BIGRAM	1.000	2	[('of', 'slum')]
Member-Collection(e2,e1)	BIGRAM	1.000	2	[('of', 'twelve')]
Member-Collection(e2,e1)	LEMMA	1.000	2	['muslim']
Member-Collection(e2,e1)	BIGRAM	1.000	2	[('of', 'muslim')]
Member-Collection(e2,e1)	LEMMA	1.000	2	['fifteen']
Member-Collection(e2,e1)	BIGRAM	1.000	2	[('of', 'veteran')]
Member-Collection(e2,e1)	LEMMA	1.000	2	['senegalese']
Member-Collection(e2,e1)	BIGRAM	1.000	2	[('of', 'senegalese')]
Member-Collection(e2,e1)	BEFORE_E1	1.000	2	['usual']
Member-Collection(e2,e1)	LEMMA	1.000	2	['spectral']
Member-Collection(e2,e1)	BIGRAM	1.000	2	[('of', 'spectral')]
Member-Collection(e2,e1)	BIGRAM	1.000	2	[('of', 'baby')]
Member-Collection(e2,e1)	LEMMA	1.000	2	['garter']
Member-Collection(e2,e1)	BIGRAM	1.000	2	[('of', 'garter')]
Member-Collection(e2,e1)	LEMMA	1.000	2	['hungry']
Member-Collection(e2,e1)	BIGRAM	1.000	2	[('of', 'hungry')]
Member-Collection(e2,e1)	LEMMA	1.000	2	['saltwater']
Member-Collection(e2,e1)	BIGRAM	1.000	2	[('of', 'saltwater')]
Member-Collection(e2,e1)	BIGRAM	1.000	2	[('of', 'twenty')]
Member-Collection(e2,e1)	BIGRAM	1.000	2	[('of', 'mount')]
Member-Collection(e2,e1)	BIGRAM	1.000	2	[('of', 'wild')]
Entity-Origin(e1,e2)	BIGRAM	1.000	2	[('remove', 'from')]
Entity-Origin(e1,e2)	BIGRAM	1.000	2	[('be', 'elude')]
Entity-Origin(e1,e2)	BEFORE_E1	1.000	2	['black']
Entity-Origin(e1,e2)	BIGRAM	1.000	2	[('an', 'all')]
Entity-Origin(e1,e2)	BIGRAM	1.000	2	[('from', 'her')]
Entity-Origin(e1,e2)	LEMMA	1.000	2	['synthetic']
Entity-Origin(e1,e2)	BIGRAM	1.000	2	[('of', 'synthetic')]
Entity-Origin(e1,e2)	BIGRAM	1.000	2	[('he', 'get')]
Entity-Origin(e1,e2)	LEMMA	1.000	2	['feed']
Entity-Origin(e1,e2)	BIGRAM	1.000	2	[('break', 'away')]
Entity-Origin(e1,e2)	BIGRAM	1.000	2	[('the', 'united')]
Entity-Origin(e1,e2)	BIGRAM	1.000	2	[('who', 'abscond')]
Entity-Origin(e1,e2)	BEFORE_E1	1.000	2	['convict']
Entity-Origin(e1,e2)	LEMMA	1.000	2	['taxi']
Entity-Origin(e1,e2)	BIGRAM	1.000	2	[('have', 'pop')]
Entity-Origin(e1,e2)	BIGRAM	1.000	2	[('draw', 'from')]
Entity-Origin(e1,e2)	BIGRAM	1.000	2	[('have', 'abscond')]
Entity-Origin(e1,e2)	BIGRAM	1.000	2	[('his', 'native')]
Entity-Origin(e1,e2)	BEFORE_E1	1.000	2	['play']
Entity-Origin(e1,e2)	BIGRAM	1.000	2	[('from', 'any')]
Entity-Origin(e1,e2)	LEMMA	1.000	2	['modify']
Entity-Origin(e1,e2)	BIGRAM	1.000	2	[('be', 'form')]
Entity-Origin(e1,e2)	LEMMA	1.000	2	['wonderful']
Cause-Effect(e1,e2)	BIGRAM	1.000	2	[('also', 'cause')]
Cause-Effect(e1,e2)	BIGRAM	1.000	2	[('ding', 'ding')]
Cause-Effect(e1,e2)	BIGRAM	1.000	2	[('smoke', 'cause')]
Cause-Effect(e1,e2)	LEMMA	1.000	2	['delay']
Cause-Effect(e1,e2)	BIGRAM	1.000	2	[('cause', 'delay')]
Cause-Effect(e1,e2)	BIGRAM	1.000	2	[('delay', 'and')]
Cause-Effect(e1,e2)	LEMMA	1.000	2	['rash']
Cause-Effect(e1,e2)	BIGRAM	1.000	2	[('and', 'chemical')]
Cause-Effect(e1,e2)	BIGRAM	1.000	2	[('chemical', 'that')]
Cause-Effect(e1,e2)	BIGRAM	1.000	2	[('dryness', 'rash')]
Cause-Effect(e1,e2)	BIGRAM	1.000	2	[('during', 'one')]
Cause-Effect(e1,e2)	BIGRAM	1.000	2	[('abuse', 'and')]
Cause-Effect(e1,e2)	BIGRAM	1.000	2	[('the', 'common')]
Cause-Effect(e1,e2)	BIGRAM	1.000	2	[('trigger', 'the')]
Cause-Effect(e1,e2)	BIGRAM	1.000	2	[('and', 'conflict')]
Cause-Effect(e1,e2)	BIGRAM	1.000	2	[('conflict', 'cause')]
Cause-Effect(e1,e2)	BIGRAM	1.000	2	[('cause', 'for')]
Cause-Effect(e1,e2)	BIGRAM	1.000	2	[('half', 'of')]
Cause-Effect(e1,e2)	BIGRAM	1.000	2	[('poverty', 'lead')]
Cause-Effect(e1,e2)	LEMMA	1.000	2	['though']
Cause-Effect(e1,e2)	BIGRAM	1.000	2	[('though', 'cause')]
Cause-Effect(e1,e2)	LEMMA	1.000	2	['unconsciousness']
Cause-Effect(e1,e2)	BIGRAM	1.000	2	[('cause', 'unconsciousness')]
Cause-Effect(e1,e2)	BIGRAM	1.000	2	[('unconsciousness', 'and')]
Cause-Effect(e1,e2)	BIGRAM	1.000	2	[('set', 'off')]
Cause-Effect(e1,e2)	LEMMA	1.000	2	['tract']
Cause-Effect(e1,e2)	LEMMA	1.000	2	['irritation']
Cause-Effect(e1,e2)	LEMMA	1.000	2	['skin']
Cause-Effect(e1,e2)	BIGRAM	1.000	2	[('upper', 'respiratory')]
Cause-Effect(e1,e2)	BIGRAM	1.000	2	[('respiratory', 'tract')]
Cause-Effect(e1,e2)	BEFORE_E1	1.000	2	['inflammatory']
Cause-Effect(e1,e2)	LEMMA	1.000	2	['portion']
Cause-Effect(e1,e2)	LEMMA	1.000	2	['precentral']
Cause-Effect(e1,e2)	LEMMA	1.000	2	['gyrus']
Cause-Effect(e1,e2)	LEMMA	1.000	2	['contralateral']
Cause-Effect(e1,e2)	BIGRAM	1.000	2	[('rear', 'portion')]
Cause-Effect(e1,e2)	BIGRAM	1.000	2	[('portion', 'of')]
Cause-Effect(e1,e2)	BIGRAM	1.000	2	[('the', 'precentral')]
Cause-Effect(e1,e2)	BIGRAM	1.000	2	[('precentral', 'gyrus')]
Cause-Effect(e1,e2)	BIGRAM	1.000	2	[('gyrus', 'cause')]
Cause-Effect(e1,e2)	BIGRAM	1.000	2	[('a', 'contralateral')]
Cause-Effect(e1,e2)	BEFORE_E1	1.000	2	['capital']
Cause-Effect(e1,e2)	BIGRAM	1.000	2	[('and', 'earthquake')]
Cause-Effect(e1,e2)	LEMMA	1.000	2	['smog']
Cause-Effect(e1,e2)	BIGRAM	1.000	2	[('cause', 'smog')]
Cause-Effect(e1,e2)	BIGRAM	1.000	2	[('smog', 'acid')]
Cause-Effect(e1,e2)	BIGRAM	1.000	2	[('turn', 'into')]
Cause-Effect(e1,e2)	BIGRAM	1.000	2	[('a', 'global')]
Cause-Effect(e1,e2)	BIGRAM	1.000	2	[('cold', 'or')]
Cause-Effect(e1,e2)	LEMMA	1.000	2	['effect']
Cause-Effect(e1,e2)	BIGRAM	1.000	2	[('cause', 'acne')]
Cause-Effect(e1,e2)	BIGRAM	1.000	2	[('that', 'lead')]
Cause-Effect(e1,e2)	LEMMA	1.000	2	['renewable']
Cause-Effect(e1,e2)	BIGRAM	1.000	2	[('for', 'increase')]
Component-Whole(e1,e2)	BIGRAM	1.000	2	[('later', 'in')]
Component-Whole(e1,e2)	BEFORE_E1	1.000	2	['curved']
Component-Whole(e1,e2)	BEFORE_E1	1.000	2	['optic']
Component-Whole(e1,e2)	LEMMA	1.000	2	['department']
Component-Whole(e1,e2)	AFTER_E2	1.000	2	['point']
Component-Whole(e1,e2)	BIGRAM	1.000	2	[('the', 'master')]
Component-Whole(e1,e2)	LEMMA	1.000	2	['conference']
Component-Whole(e1,e2)	BIGRAM	1.000	2	[('the', 'conference')]
Message-Topic(e2,e1)	BIGRAM	1.000	2	[('be', 'illustrate')]
Message-Topic(e2,e1)	BIGRAM	1.000	2	[('as', 'define')]
Message-Topic(e2,e1)	BIGRAM	1.000	2	[('be', 'feature')]
Message-Topic(e2,e1)	BIGRAM	1.000	2	[('advertise', 'by')]
Message-Topic(e2,e1)	BIGRAM	1.000	2	[('be', 'explore')]
Message-Topic(e2,e1)	BIGRAM	1.000	2	[('explore', 'in')]
Message-Topic(e2,e1)	BIGRAM	1.000	2	[('major', 'theme')]
Message-Topic(e2,e1)	BIGRAM	1.000	2	[('of', 'much')]
Message-Topic(e2,e1)	BIGRAM	1.000	2	[('criticise', 'in')]
Message-Topic(e2,e1)	BIGRAM	1.000	2	[('explain', 'in')]
Message-Topic(e2,e1)	BIGRAM	1.000	2	[('a', 'previous')]
Message-Topic(e2,e1)	BIGRAM	1.000	2	[('outline', 'in')]
Message-Topic(e2,e1)	BIGRAM	1.000	2	[('consider', 'in')]
Message-Topic(e2,e1)	BIGRAM	1.000	2	[('a', 'recent')]
Message-Topic(e2,e1)	BIGRAM	1.000	2	[('define', 'in')]
Message-Topic(e2,e1)	LEMMA	1.000	2	['positive']
Message-Topic(e2,e1)	BIGRAM	1.000	2	[('receive', 'positive')]
Message-Topic(e2,e1)	BIGRAM	1.000	2	[('describe', 'through')]
Message-Topic(e2,e1)	BIGRAM	1.000	2	[('topic', 'for')]
Product-Producer(e1,e2)	BIGRAM	1.000	2	[('and', 'beverage')]
Product-Producer(e1,e2)	BIGRAM	1.000	2	[('house', 'by')]
Product-Producer(e1,e2)	LEMMA	1.000	2	['fertile']
Product-Producer(e1,e2)	BIGRAM	1.000	2	[('the', 'fertile')]
Product-Producer(e1,e2)	BIGRAM	1.000	2	[('fertile', 'imagination')]
Product-Producer(e1,e2)	BEFORE_E1	1.000	2	['sell']
Product-Producer(e1,e2)	BIGRAM	1.000	2	[('by', 'many')]
Product-Producer(e1,e2)	BIGRAM	1.000	2	[('sew', 'by')]
Product-Producer(e1,e2)	BIGRAM	1.000	2	[('finish', 'by')]
Product-Producer(e1,e2)	LEMMA	1.000	2	['naturally']
Product-Producer(e1,e2)	BIGRAM	1.000	2	[('naturally', 'produce')]
Product-Producer(e1,e2)	BIGRAM	1.000	2	[('spring', 'from')]
Product-Producer(e1,e2)	BIGRAM	1.000	2	[('publish', 'by')]
Product-Producer(e1,e2)	BIGRAM	1.000	2	[('by', 'your')]
Product-Producer(e1,e2)	BIGRAM	1.000	2	[('the', 'well')]
Product-Producer(e1,e2)	BIGRAM	1.000	2	[('the', 'french')]
Product-Producer(e1,e2)	BEFORE_E1	1.000	2	['false']
Entity-Origin(e2,e1)	BEFORE_E1	1.000	2	['homemade']
Entity-Origin(e2,e1)	BEFORE_E1	1.000	2	['can']
Entity-Origin(e2,e1)	BIGRAM	1.000	2	[('main', 'ingredient')]
Content-Container(e2,e1)	BIGRAM	1.000	2	[('contain', 'an')]
Instrument-Agency(e1,e2)	LEMMA	1.000	2	['enable']
Instrument-Agency(e1,e2)	BIGRAM	1.000	2	[('enable', 'the')]
Component-Whole(e2,e1)	DEP_VERB	1.000	2	['move', 'nsubj', 'dobj']
Other	DEP_VERB	1.000	2	['require', 'nsubj', 'dobj']
Other	DEP_VERB	1.000	2	['finish', 'nsubj', 'dobj']
Instrument-Agency(e2,e1)	DEP_VERB	1.000	2	['buy', 'nsubj', 'dobj']
Instrument-Agency(e2,e1)	DEP_VERB	1.000	2	['wear', 'nsubj', 'dobj']
Cause-Effect(e2,e1)	DEP_LABELS	1.000	2	['nsubjpass', 'acl']
Message-Topic(e1,e2)	DEP_VERB	1.000	2	['promote', 'nsubj', 'dobj']
Message-Topic(e1,e2)	DEP_VERB	1.000	2	['criticize', 'nsubj', 'dobj']
Message-Topic(e1,e2)	DEP_VERB	1.000	2	['document', 'nsubj', 'dobj']
Message-Topic(e1,e2)	DEP_VERB	1.000	2	['assert', 'nsubj', 'dobj']
Message-Topic(e1,e2)	DEP_VERB	1.000	2	['highlight', 'nsubj', 'dobj']
Message-Topic(e1,e2)	DEP_VERB	1.000	2	['survey', 'nsubj', 'dobj']
Message-Topic(e1,e2)	DEP_VERB	1.000	2	['study', 'nsubj', 'dobj']
Message-Topic(e1,e2)	DEP_VERB	1.000	2	['govern', 'nsubj', 'dobj']
Product-Producer(e2,e1)	DEP_LABELS	1.000	2	['nsubj', 'acl']
Product-Producer(e2,e1)	DEP_VERB	1.000	2	['erect', 'nsubj', 'dobj']
Product-Producer(e2,e1)	DEP_VERB	1.000	2	['carve', 'nsubj', 'dobj']
Product-Producer(e2,e1)	DEP_VERB	1.000	2	['think', 'nsubj', 'dobj']
Instrument-Agency(e1,e2)	DEP_VERB	1.000	2	['enable', 'nsubj', 'dobj']
Cause-Effect(e1,e2)	DEP_VERB	0.977	86	['cause', 'nsubj', 'dobj']
Content-Container(e2,e1)	BIGRAM	0.977	43	[('full', 'of')]
Cause-Effect(e1,e2)	BIGRAM	0.971	34	[('result', 'in')]
Cause-Effect(e2,e1)	BIGRAM	0.968	300	[('cause', 'by')]
Entity-Destination(e1,e2)	BEFORE_E1	0.967	29	['pour']
Content-Container(e1,e2)	BIGRAM	0.966	28	[('be', 'contain')]
Entity-Destination(e1,e2)	BIGRAM	0.963	26	[('migrate', 'into')]
Entity-Origin(e1,e2)	LEMMA	0.958	23	['distil']
Entity-Origin(e1,e2)	BIGRAM	0.958	23	[('distil', 'from')]
Entity-Origin(e1,e2)	BIGRAM	0.957	22	[('be', 'distil')]
Cause-Effect(e2,e1)	BIGRAM	0.954	166	[('be', 'cause')]
Component-Whole(e2,e1)	BIGRAM	0.951	39	[('have', 'a')]
Cause-Effect(e1,e2)	BIGRAM	0.947	54	[('cause', 'a')]
Cause-Effect(e1,e2)	LEMMA	0.946	35	['result']
Cause-Effect(e1,e2)	BIGRAM	0.941	16	[('be', 'one')]
Content-Container(e1,e2)	BIGRAM	0.933	28	[('contain', 'in')]
Entity-Destination(e1,e2)	BIGRAM	0.933	14	[('arrive', 'into')]
Entity-Destination(e1,e2)	BIGRAM	0.933	14	[('send', 'to')]
Product-Producer(e2,e1)	DEP_VERB	0.933	14	['create', 'nsubj', 'dobj']
Entity-Destination(e1,e2)	LEMMA	0.931	27	['migrate']
Instrument-Agency(e2,e1)	BIGRAM	0.929	13	[('by', 'use')]
Cause-Effect(e1,e2)	BIGRAM	0.929	13	[('that', 'result')]
Instrument-Agency(e2,e1)	DEP_VERB	0.929	13	['apply', 'nsubj', 'dobj']
Entity-Destination(e1,e2)	BIGRAM	0.923	12	[('be', 'drop')]
Entity-Destination(e1,e2)	BIGRAM	0.923	12	[('deliver', 'to')]
Entity-Origin(e1,e2)	BIGRAM	0.923	12	[('release', 'from')]
Entity-Destination(e1,e2)	BEFORE_E1	0.923	12	['send']
Entity-Origin(e1,e2)	BIGRAM	0.923	12	[('pop', 'out')]
Component-Whole(e2,e1)	DEP_VERB	0.918	56	['have', 'nsubj', 'dobj']
Entity-Destination(e1,e2)	BIGRAM	0.917	11	[('drop', 'into')]
Entity-Origin(e1,e2)	BIGRAM	0.917	11	[('originate', 'in')]
Entity-Destination(e1,e2)	BIGRAM	0.917	11	[('be', 'spread')]
Entity-Destination(e1,e2)	BIGRAM	0.917	11	[('spread', 'into')]
Entity-Destination(e1,e2)	LEMMA	0.917	11	['add']
Entity-Origin(e1,e2)	BIGRAM	0.909	10	[('have', 'leave')]
Entity-Destination(e1,e2)	BIGRAM	0.909	10	[('be', 'migrate')]
Entity-Destination(e1,e2)	BIGRAM	0.908	267	[('into', 'the')]
Entity-Origin(e1,e2)	DEP_VERB	0.905	19	['leave', 'nsubj', 'dobj']
Entity-Origin(e1,e2)	BIGRAM	0.900	18	[('run', 'away')]
Entity-Origin(e1,e2)	BIGRAM	0.900	18	[('leave', 'the')]
Entity-Destination(e1,e2)	BIGRAM	0.900	9	[('travel', 'into')]
Instrument-Agency(e2,e1)	LEMMA	0.900	9	['kill']
Entity-Origin(e1,e2)	BIGRAM	0.900	9	[('out', 'from')]
Message-Topic(e1,e2)	LEMMA	0.900	9	['detail']
Product-Producer(e2,e1)	DEP_VERB	0.900	9	['build', 'nsubj', 'dobj']
Entity-Origin(e1,e2)	BIGRAM	0.897	26	[('derive', 'from')]
Cause-Effect(e2,e1)	LEMMA	0.897	26	['trigger']
Content-Container(e2,e1)	LEMMA	0.896	43	['full']
Content-Container(e1,e2)	BIGRAM	0.891	122	[('be', 'in')]
Entity-Destination(e1,e2)	LEMMA	0.889	8	['drain']
Content-Container(e2,e1)	BIGRAM	0.889	8	[('be', 'full')]
Product-Producer(e2,e1)	BIGRAM	0.889	8	[('complete', 'a')]
Message-Topic(e1,e2)	BIGRAM	0.889	8	[('describe', 'the')]
Entity-Origin(e1,e2)	LEMMA	0.889	8	['emerge']
Product-Producer(e2,e1)	DEP_VERB	0.889	8	['construct', 'nsubj', 'dobj']
Entity-Destination(e1,e2)	BIGRAM	0.882	15	[('into', 'his')]
Entity-Destination(e1,e2)	LEMMA	0.882	15	['spread']
Cause-Effect(e2,e1)	BIGRAM	0.875	28	[('after', 'the')]
Product-Producer(e1,e2)	BIGRAM	0.875	14	[('write', 'by')]
Other	BIGRAM	0.875	14	[('start', 'at')]
Component-Whole(e2,e1)	BIGRAM	0.875	7	[('with', 'its')]
Entity-Destination(e1,e2)	BIGRAM	0.875	7	[('drain', 'into')]
Entity-Destination(e1,e2)	BIGRAM	0.875	7	[('into', 'my')]
Message-Topic(e1,e2)	LEMMA	0.875	7	['reference']
Message-Topic(e1,e2)	BIGRAM	0.875	7	[('reference', 'to')]
Product-Producer(e2,e1)	BIGRAM	0.875	7	[('have', 'construct')]
Entity-Origin(e1,e2)	LEMMA	0.875	7	['departure']
Entity-Origin(e1,e2)	BIGRAM	0.875	7	[('departure', 'from')]
Entity-Origin(e1,e2)	BIGRAM	0.875	7	[('get', 'out')]
Product-Producer(e2,e1)	BIGRAM	0.875	7	[('write', 'a')]
Cause-Effect(e2,e1)	BIGRAM	0.875	7	[('radiate', 'from')]
Cause-Effect(e1,e2)	LEMMA	0.875	7	['poverty']
Cause-Effect(e1,e2)	LEMMA	0.875	7	['emit']
Content-Container(e1,e2)	BIGRAM	0.867	13	[('be', 'discover')]
Content-Container(e1,e2)	BIGRAM	0.867	13	[('be', 'store')]
Entity-Origin(e1,e2)	LEMMA	0.867	13	['pop']
Instrument-Agency(e2,e1)	DEP_VERB	0.865	45	['use', 'nsubj', 'dobj']
Component-Whole(e2,e1)	DEP_VERB	0.857	18	['comprise', 'nsubj', 'dobj']
Entity-Destination(e1,e2)	LEMMA	0.857	12	['drop']
Content-Container(e1,e2)	BIGRAM	0.857	12	[('discover', 'inside')]
Component-Whole(e2,e1)	BIGRAM	0.857	6	[('comprise', 'the')]
Instrument-Agency(e2,e1)	BIGRAM	0.857	6	[('attach', 'a')]
Other	BIGRAM	0.857	6	[('be', 'fall')]
Other	LEMMA	0.857	6	['contribution']
Entity-Destination(e1,e2)	BEFORE_E1	0.857	6	['insert']
Entity-Destination(e1,e2)	BIGRAM	0.857	6	[('be', 'drain')]
Product-Producer(e1,e2)	BIGRAM	0.857	6	[('develop', 'by')]
Message-Topic(e2,e1)	BIGRAM	0.857	6	[('be', 'reflect')]
Message-Topic(e2,e1)	BIGRAM	0.857	6	[('reflect', 'in')]
Instrument-Agency(e2,e1)	BIGRAM	0.857	6	[('take', 'the')]
Entity-Destination(e1,e2)	BEFORE_E1	0.857	6	['inject']
Entity-Destination(e1,e2)	BIGRAM	0.857	6	[('into', 'our')]
Entity-Destination(e1,e2)	BIGRAM	0.857	6	[('be', 'ship')]
Entity-Destination(e1,e2)	BIGRAM	0.857	6	[('ship', 'to')]
Entity-Destination(e1,e2)	BIGRAM	0.857	6	[('blow', 'into')]
Message-Topic(e1,e2)	LEMMA	0.857	6	['declare']
Message-Topic(e1,e2)	BIGRAM	0.857	6	[('inform', 'about')]
Cause-Effect(e2,e1)	BIGRAM	0.857	6	[('be', 'radiate')]
Cause-Effect(e1,e2)	BIGRAM	0.857	6	[('and', 'poverty')]
Entity-Destination(e1,e2)	BIGRAM	0.857	6	[('give', 'to')]
Instrument-Agency(e2,e1)	DEP_VERB	0.857	6	['attach', 'nsubj', 'dobj']
Cause-Effect(e2,e1)	DEP_LABELS	0.857	6	['pobj', 'pcomp']
Entity-Origin(e1,e2)	BIGRAM	0.852	23	[('be', 'derive')]
Entity-Destination(e1,e2)	BIGRAM	0.844	38	[('move', 'into')]
Entity-Origin(e1,e2)	LEMMA	0.844	27	['derive']
Message-Topic(e1,e2)	PREP	0.837	36	['about']
Content-Container(e1,e2)	LEMMA	0.833	15	['hide']
Instrument-Agency(e2,e1)	BIGRAM	0.833	10	[('apply', 'the')]
Entity-Destination(e1,e2)	BIGRAM	0.833	10	[('put', 'into')]
Entity-Origin(e1,e2)	BIGRAM	0.833	10	[('fall', 'from')]
Entity-Destination(e1,e2)	LEMMA	0.833	10	['flow']
Message-Topic(e1,e2)	LEMMA	0.833	5	['dedicate']
Instrument-Agency(e2,e1)	LEMMA	0.833	5	['mark']
Other	BIGRAM	0.833	5	[('contribution', 'to')]
Message-Topic(e2,e1)	BIGRAM	0.833	5	[('be', 'discuss')]
Product-Producer(e2,e1)	LEMMA	0.833	5	['invent']
Entity-Origin(e1,e2)	BIGRAM	0.833	5	[('be', 'bear')]
Message-Topic(e1,e2)	LEMMA	0.833	5	['supply']
Other	LEMMA	0.833	5	['home']
Other	BIGRAM	0.833	5	[('be', 'sink')]
Product-Producer(e2,e1)	BIGRAM	0.833	5	[('come', 'up')]
Instrument-Agency(e2,e1)	BIGRAM	0.833	5	[('manipulate', 'a')]
Entity-Origin(e1,e2)	BIGRAM	0.833	5	[('take', 'off')]
Cause-Effect(e2,e1)	BEFORE_E1	0.833	5	['experience']
Instrument-Agency(e2,e1)	LEMMA	0.833	5	['victim']
Entity-Destination(e1,e2)	LEMMA	0.833	5	['inject']
Entity-Destination(e1,e2)	BIGRAM	0.833	5	[('be', 'hand')]
Product-Producer(e2,e1)	BIGRAM	0.833	5	[('dig', 'a')]
Entity-Origin(e1,e2)	LEMMA	0.833	5	['native']
Product-Producer(e2,e1)	DEP_VERB	0.833	5	['complete', 'nsubj', 'dobj']
Instrument-Agency(e2,e1)	DEP_VERB	0.833	5	['manipulate', 'nsubj', 'dobj']
Cause-Effect(e1,e2)	DEP_VERB	0.833	5	['emit', 'nsubj', 'dobj']
Entity-Origin(e1,e2)	BIGRAM	0.822	37	[('away', 'from')]
Message-Topic(e1,e2)	BIGRAM	0.818	9	[('about', 'the')]
Entity-Origin(e1,e2)	LEMMA	0.818	9	['descend']
Entity-Origin(e1,e2)	BIGRAM	0.818	9	[('descend', 'from')]
Message-Topic(e1,e2)	LEMMA	0.818	9	['inform']
Content-Container(e1,e2)	BIGRAM	0.816	31	[('be', 'inside')]
Entity-Origin(e1,e2)	LEMMA	0.808	21	['originate']
Entity-Origin(e1,e2)	LEMMA	0.804	37	['away']
Cause-Effect(e2,e1)	BIGRAM	0.800	12	[('generate', 'by')]
Entity-Destination(e1,e2)	BIGRAM	0.800	8	[('have', 'arrive')]
Instrument-Agency(e2,e1)	BIGRAM	0.800	8	[('the', 'help')]
Instrument-Agency(e2,e1)	BIGRAM	0.800	8	[('help', 'of')]
Entity-Destination(e1,e2)	BIGRAM	0.800	8	[('journey', 'into')]
Message-Topic(e1,e2)	BIGRAM	0.800	8	[('point', 'out')]
Message-Topic(e1,e2)	BIGRAM	0.800	4	[('dedicate', 'to')]
Instrument-Agency(e2,e1)	BIGRAM	0.800	4	[('scale', 'the')]
Entity-Origin(e1,e2)	LEMMA	0.800	4	['outer']
Message-Topic(e1,e2)	LEMMA	0.800	4	['contemporary']
Message-Topic(e1,e2)	BIGRAM	0.800	4	[('concern', 'the')]
Entity-Destination(e1,e2)	BIGRAM	0.800	4	[('be', 'land')]
Product-Producer(e2,e1)	LEMMA	0.800	4	['draft']
Instrument-Agency(e2,e1)	LEMMA	0.800	4	['choose']
Cause-Effect(e2,e1)	LEMMA	0.800	4	['due']
Cause-Effect(e2,e1)	BIGRAM	0.800	4	[('due', 'to')]
Entity-Destination(e1,e2)	BIGRAM	0.800	4	[('be', 'pass')]
Entity-Destination(e1,e2)	BIGRAM	0.800	4	[('pass', 'on')]
Other	BIGRAM	0.800	4	[('have', 'go')]
Entity-Origin(e1,e2)	BIGRAM	0.800	4	[('its', 'original')]
Other	BIGRAM	0.800	4	[('a', 'tool')]
Product-Producer(e1,e2)	BIGRAM	0.800	4	[('up', 'by')]
Entity-Origin(e1,e2)	LEMMA	0.800	4	['past']
Entity-Destination(e1,e2)	BIGRAM	0.800	4	[('arrive', 'to')]
Entity-Origin(e1,e2)	BIGRAM	0.800	4	[('come', 'out')]
Message-Topic(e2,e1)	BIGRAM	0.800	4	[('form', 'the')]
Entity-Origin(e1,e2)	LEMMA	0.800	4	['extract']
Entity-Origin(e1,e2)	LEMMA	0.800	4	['bail']
Entity-Origin(e1,e2)	BIGRAM	0.800	4	[('bail', 'out')]
Entity-Destination(e1,e2)	LEMMA	0.800	4	['award']
Message-Topic(e1,e2)	BIGRAM	0.800	4	[('to', 'inform')]
Product-Producer(e2,e1)	BIGRAM	0.800	4	[('who', 'make')]
Instrument-Agency(e2,e1)	LEMMA	0.800	4	['truck']
Instrument-Agency(e2,e1)	LEMMA	0.800	4	['tear']
Instrument-Agency(e2,e1)	BIGRAM	0.800	4	[('form', 'a')]
Member-Collection(e2,e1)	BIGRAM	0.800	4	[('of', 'young')]
Entity-Destination(e1,e2)	BIGRAM	0.800	4	[('the', 'wrong')]
Product-Producer(e1,e2)	LEMMA	0.800	4	['unknown']
Message-Topic(e1,e2)	BIGRAM	0.800	4	[('talk', 'about')]
Message-Topic(e1,e2)	LEMMA	0.800	4	['comment']
Message-Topic(e1,e2)	LEMMA	0.800	4	['highlight']
Message-Topic(e1,e2)	LEMMA	0.800	4	['chart']
Message-Topic(e1,e2)	BIGRAM	0.800	4	[('about', 'a')]
Product-Producer(e2,e1)	DEP_LABELS	0.800	4	['poss', 'nsubjpass']
Component-Whole(e2,e1)	LEMMA	0.787	37	['comprise']
Message-Topic(e1,e2)	LEMMA	0.787	37	['about']
Component-Whole(e2,e1)	BIGRAM	0.786	11	[('comprise', 'of')]
Cause-Effect(e1,e2)	LEMMA	0.783	18	['lead']
Entity-Destination(e1,e2)	BIGRAM	0.778	21	[('be', 'move')]
Entity-Origin(e1,e2)	BIGRAM	0.778	7	[('make', 'of')]
Entity-Destination(e1,e2)	BIGRAM	0.778	7	[('be', 'blow')]
Other	LEMMA	0.778	7	['cut']
Message-Topic(e1,e2)	LEMMA	0.778	7	['explore']
Entity-Destination(e1,e2)	BIGRAM	0.774	24	[('be', 'put')]
Cause-Effect(e2,e1)	BIGRAM	0.773	17	[('that', 'have')]
Entity-Origin(e1,e2)	BIGRAM	0.769	10	[('originate', 'from')]
Entity-Destination(e1,e2)	BIGRAM	0.765	13	[('place', 'into')]
Content-Container(e1,e2)	BIGRAM	0.762	16	[('store', 'in')]
Entity-Origin(e1,e2)	BIGRAM	0.750	15	[('go', 'away')]
Entity-Origin(e1,e2)	BIGRAM	0.750	12	[('from', 'his')]
Message-Topic(e1,e2)	LEMMA	0.750	12	['point']
Content-Container(e1,e2)	BIGRAM	0.750	12	[('be', 'lock')]
Message-Topic(e1,e2)	LEMMA	0.750	12	['explain']
Message-Topic(e1,e2)	LEMMA	0.750	9	['center']
Entity-Destination(e1,e2)	BIGRAM	0.750	9	[('land', 'into')]
Entity-Origin(e1,e2)	BIGRAM	0.750	6	[('manufacture', 'in')]
Entity-Destination(e1,e2)	BIGRAM	0.750	6	[('on', 'to')]
Other	BIGRAM	0.750	6	[('come', 'into')]
Cause-Effect(e1,e2)	BIGRAM	0.750	6	[('the', 'lead')]
Member-Collection(e1,e2)	BIGRAM	0.750	6	[('a', 'member')]
Member-Collection(e1,e2)	BIGRAM	0.750	6	[('member', 'of')]
Cause-Effect(e1,e2)	BIGRAM	0.750	6	[('most', 'common')]
Message-Topic(e1,e2)	BIGRAM	0.750	6	[('explain', 'the')]
Component-Whole(e1,e2)	BIGRAM	0.750	6	[('a', 'part')]
Cause-Effect(e2,e1)	DEP_LABELS	0.750	6	['dobj', 'pcomp']
Member-Collection(e2,e1)	BIGRAM	0.750	3	[('of', 'white')]
Component-Whole(e2,e1)	LEMMA	0.750	3	['regulate']
Component-Whole(e2,e1)	BIGRAM	0.750	3	[('have', 'an')]
Component-Whole(e2,e1)	LEMMA	0.750	3	['central']
Component-Whole(e2,e1)	BIGRAM	0.750	3	[('have', 'one')]
Component-Whole(e1,e2)	LEMMA	0.750	3	['element']
Component-Whole(e1,e2)	BIGRAM	0.750	3	[('element', 'of')]
Component-Whole(e2,e1)	BIGRAM	0.750	3	[('of', 'many')]
Member-Collection(e2,e1)	BIGRAM	0.750	3	[('of', 'small')]
Product-Producer(e2,e1)	LEMMA	0.750	3	['diesel']
Component-Whole(e2,e1)	BIGRAM	0.750	3	[('work', 'use')]
Instrument-Agency(e2,e1)	LEMMA	0.750	3	['eye']
Other	BIGRAM	0.750	3	[('have', 'sink')]
Other	LEMMA	0.750	3	['cure']
Product-Producer(e1,e2)	BIGRAM	0.750	3	[('the', 'mind')]
Product-Producer(e1,e2)	BIGRAM	0.750	3	[('mind', 'of')]
Other	BEFORE_E1	0.750	3	['outer']
Other	LEMMA	0.750	3	['associate']
Other	AFTER_E2	0.750	3	['require']
Other	BIGRAM	0.750	3	[('be', 'investigate')]
Other	BIGRAM	0.750	3	[('take', 'part')]
Other	BIGRAM	0.750	3	[('part', 'in')]
Instrument-Agency(e2,e1)	BIGRAM	0.750	3	[('carefully', 'choose')]
Other	LEMMA	0.750	3	['extend']
Cause-Effect(e2,e1)	PREP	0.750	3	['due']
Other	BIGRAM	0.750	3	[('assess', 'the')]
Product-Producer(e2,e1)	BEFORE_E1	0.750	3	['british']
Other	LEMMA	0.750	3	['criminal']
Message-Topic(e1,e2)	LEMMA	0.750	3	['inquire']
Message-Topic(e1,e2)	LEMMA	0.750	3	['govern']
Entity-Destination(e1,e2)	BIGRAM	0.750	3	[('back', 'into')]
Entity-Destination(e1,e2)	BEFORE_E1	0.750	3	['carry']
Product-Producer(e2,e1)	BIGRAM	0.750	3	[('up', 'an')]
Product-Producer(e2,e1)	BIGRAM	0.750	3	[('build', 'many')]
Other	BIGRAM	0.750	3	[('from', 'six')]
Other	LEMMA	0.750	3	['demonstrate']
Message-Topic(e1,e2)	BIGRAM	0.750	3	[('make', 'reference')]
Instrument-Agency(e2,e1)	LEMMA	0.750	3	['share']
Message-Topic(e1,e2)	BIGRAM	0.750	3	[('around', 'a')]
Component-Whole(e1,e2)	BIGRAM	0.750	3	[('a', 'basic')]
Entity-Origin(e1,e2)	BIGRAM	0.750	3	[('deliver', 'from')]
Instrument-Agency(e2,e1)	LEMMA	0.750	3	['blast']
Message-Topic(e2,e1)	BIGRAM	0.750	3	[('describe', 'in')]
Message-Topic(e1,e2)	BIGRAM	0.750	3	[('survey', 'the')]
Component-Whole(e1,e2)	BEFORE_E1	0.750	3	['safety']
Product-Producer(e1,e2)	BIGRAM	0.750	3	[('build', 'by')]
Instrument-Agency(e1,e2)	BIGRAM	0.750	3	[('let', 'the')]
Entity-Origin(e1,e2)	BIGRAM	0.750	3	[('be', 'extract')]
Entity-Origin(e1,e2)	BIGRAM	0.750	3	[('extract', 'from')]
Other	BIGRAM	0.750	3	[('to', 'establish')]
Content-Container(e1,e2)	AFTER_E2	0.750	3	['next']
Other	BIGRAM	0.750	3	[('make', 'use')]
Product-Producer(e1,e2)	BIGRAM	0.750	3	[('by', 'two')]
Product-Producer(e2,e1)	LEMMA	0.750	3	['say']
Product-Producer(e2,e1)	BIGRAM	0.750	3	[('throw', 'together')]
Product-Producer(e2,e1)	BIGRAM	0.750	3	[('together', 'a')]
Entity-Destination(e1,e2)	BEFORE_E1	0.750	3	['stuff']
Entity-Destination(e1,e2)	BIGRAM	0.750	3	[('reschedule', 'to')]
Entity-Origin(e1,e2)	BIGRAM	0.750	3	[('leak', 'from')]
Entity-Destination(e1,e2)	LEMMA	0.750	3	['top']
Instrument-Agency(e2,e1)	BIGRAM	0.750	3	[('stop', 'the')]
Message-Topic(e1,e2)	BIGRAM	0.750	3	[('examine', 'the')]
Product-Producer(e2,e1)	BIGRAM	0.750	3	[('develop', 'the')]
Entity-Origin(e1,e2)	BIGRAM	0.750	3	[('from', 'different')]
Cause-Effect(e2,e1)	BEFORE_E1	0.750	3	['severe']
Instrument-Agency(e2,e1)	LEMMA	0.750	3	['coat']
Entity-Destination(e1,e2)	ENTITY_POS	0.750	3	['NUM', 'NOUN']
Product-Producer(e2,e1)	BIGRAM	0.750	3	[('construct', 'a')]
Member-Collection(e1,e2)	LEMMA	0.750	3	['join']
Member-Collection(e1,e2)	BIGRAM	0.750	3	[('collect', 'in')]
Cause-Effect(e2,e1)	LEMMA	0.750	3	['ensue']
Cause-Effect(e2,e1)	BIGRAM	0.750	3	[('ensue', 'from')]
Cause-Effect(e2,e1)	BEFORE_E1	0.750	3	['serious']
Cause-Effect(e2,e1)	LEMMA	0.750	3	['infection']
Cause-Effect(e2,e1)	LEMMA	0.750	3	['civil']
Cause-Effect(e1,e2)	BIGRAM	0.750	3	[('poverty', 'cause')]
Entity-Origin(e1,e2)	LEMMA	0.750	3	['external']
Cause-Effect(e1,e2)	LEMMA	0.750	3	['earthquake']
Entity-Origin(e1,e2)	BIGRAM	0.750	3	[('from', 'their')]
Entity-Origin(e1,e2)	BIGRAM	0.750	3	[('send', 'from')]
Entity-Destination(e1,e2)	BIGRAM	0.750	3	[('to', 'our')]
Entity-Destination(e1,e2)	BIGRAM	0.750	3	[('to', 'your')]
Entity-Destination(e1,e2)	BIGRAM	0.750	3	[('into', 'three')]
Member-Collection(e2,e1)	BEFORE_E1	0.750	3	['huge']
Entity-Destination(e1,e2)	BEFORE_E1	0.750	3	['much']
Entity-Destination(e1,e2)	BIGRAM	0.750	3	[('middle', 'eastern')]
Member-Collection(e2,e1)	BEFORE_E1	0.750	3	['mixed']
Entity-Destination(e1,e2)	BEFORE_E1	0.750	3	['bring']
Member-Collection(e2,e1)	BEFORE_E1	0.750	3	['loose']
Content-Container(e1,e2)	BIGRAM	0.750	3	[('a', 'seal')]
Entity-Origin(e1,e2)	BEFORE_E1	0.750	3	['following']
Content-Container(e1,e2)	AFTER_E2	0.750	3	['behind']
Entity-Origin(e2,e1)	BEFORE_E1	0.750	3	['drink']
Message-Topic(e2,e1)	LEMMA	0.750	3	['analyse']
Message-Topic(e1,e2)	BIGRAM	0.750	3	[('be', 'prepare')]
Message-Topic(e1,e2)	LEMMA	0.750	3	['criticize']
Message-Topic(e1,e2)	LEMMA	0.750	3	['description']
Message-Topic(e1,e2)	BIGRAM	0.750	3	[('description', 'of')]
Message-Topic(e1,e2)	BEFORE_E1	0.750	3	['publish']
Product-Producer(e2,e1)	BIGRAM	0.750	3	[('have', 'just')]
Member-Collection(e2,e1)	LEMMA	0.750	3	['seven']
Cause-Effect(e1,e2)	BIGRAM	0.750	3	[('responsible', 'for')]
Component-Whole(e1,e2)	BEFORE_E1	0.750	3	['inner']
Member-Collection(e2,e1)	BIGRAM	0.750	3	[('of', 'black')]
Cause-Effect(e1,e2)	LEMMA	0.750	3	['maternal']
Entity-Origin(e1,e2)	BIGRAM	0.750	3	[('be', 'receive')]
Entity-Origin(e1,e2)	BIGRAM	0.750	3	[('receive', 'from')]
Cause-Effect(e1,e2)	BIGRAM	0.750	3	[('death', 'and')]
Product-Producer(e2,e1)	DEP_VERB	0.750	3	['grow', 'nsubj', 'dobj']
Other	DEP_VERB	0.750	3	['accommodate', 'nsubj', 'dobj']
Entity-Origin(e2,e1)	DEP_LABELS	0.750	3	['amod', 'nsubj']
Instrument-Agency(e2,e1)	DEP_VERB	0.750	3	['choose', 'nsubj', 'dobj']
Message-Topic(e1,e2)	DEP_VERB	0.750	3	['supply', 'nsubj', 'dobj']
Message-Topic(e1,e2)	DEP_LABELS	0.750	3	['nsubj', 'nsubjpass']
Message-Topic(e1,e2)	DEP_VERB	0.750	3	['examine', 'nsubj', 'dobj']
Other	DEP_VERB	0.750	3	['cut', 'nsubj', 'dobj']
Product-Producer(e2,e1)	DEP_VERB	0.750	3	['develop', 'nsubj', 'dobj']
Instrument-Agency(e1,e2)	DEP_LABELS	0.750	3	['attr', 'nsubj']
Entity-Destination(e1,e2)	LEMMA	0.738	559	['into']
Entity-Destination(e1,e2)	PREP	0.738	559	['into']
Content-Container(e1,e2)	BIGRAM	0.737	14	[('lock', 'in')]
Entity-Origin(e1,e2)	LEMMA	0.727	24	['leave']
Content-Container(e1,e2)	BIGRAM	0.727	16	[('enclose', 'in')]
Message-Topic(e1,e2)	LEMMA	0.727	8	['deal']
Other	BIGRAM	0.722	13	[('keep', 'in')]
Entity-Destination(e1,e2)	BIGRAM	0.714	15	[('be', 'send')]
Content-Container(e1,e2)	LEMMA	0.714	15	['lock']
Entity-Destination(e1,e2)	BIGRAM	0.714	15	[('put', 'inside')]
Entity-Destination(e1,e2)	BIGRAM	0.714	15	[('be', 'release')]
Other	BIGRAM	0.714	10	[('be', 'keep')]
Message-Topic(e1,e2)	BIGRAM	0.714	5	[('be', 'on')]
Entity-Origin(e1,e2)	BIGRAM	0.714	5	[('bear', 'in')]
Instrument-Agency(e2,e1)	LEMMA	0.714	5	['manipulate']
Other	BIGRAM	0.714	5	[('take', 'into')]
Message-Topic(e1,e2)	BIGRAM	0.714	5	[('concern', 'with')]
Cause-Effect(e2,e1)	BEFORE_E1	0.714	5	['catch']
Message-Topic(e1,e2)	BIGRAM	0.714	5	[('to', 'do')]
Cause-Effect(e2,e1)	BIGRAM	0.714	5	[('stem', 'from')]
Entity-Destination(e1,e2)	BIGRAM	0.714	5	[('be', 'remove')]
Member-Collection(e2,e1)	BEFORE_E1	0.714	5	['entire']
Message-Topic(e1,e2)	LEMMA	0.714	5	['illustrate']
Cause-Effect(e2,e1)	DEP_LABELS	0.714	5	['nsubjpass', 'pcomp']
Instrument-Agency(e2,e1)	BIGRAM	0.712	42	[('use', 'a')]
Entity-Destination(e1,e2)	LEMMA	0.712	42	['move']
Entity-Destination(e1,e2)	BIGRAM	0.702	66	[('into', 'a')]
Instrument-Agency(e1,e2)	BIGRAM	0.700	14	[('be', 'use')]
Member-Collection(e2,e1)	BIGRAM	0.700	14	[('of', 'various')]
Content-Container(e1,e2)	BIGRAM	0.700	14	[('be', 'enclose')]
Entity-Origin(e1,e2)	BIGRAM	0.700	7	[('be', 'manufacture')]
Other	LEMMA	0.700	7	['assist']
Entity-Destination(e1,e2)	BEFORE_E1	0.700	7	['add']
Message-Topic(e1,e2)	BIGRAM	0.700	7	[('focus', 'on')]
Member-Collection(e2,e1)	BIGRAM	0.700	7	[('of', 'different')]
Entity-Origin(e1,e2)	BIGRAM	0.700	7	[('from', 'its')]
Message-Topic(e1,e2)	BIGRAM	0.700	7	[('deal', 'with')]
Content-Container(e1,e2)	LEMMA	0.696	16	['store']
Entity-Origin(e2,e1)	BIGRAM	0.692	9	[('be', 'farm')]
Content-Container(e1,e2)	BIGRAM	0.690	60	[('inside', 'a')]
Other	LEMMA	0.690	20	['keep']
Other	BIGRAM	0.688	11	[('sink', 'into')]
Product-Producer(e2,e1)	LEMMA	0.688	11	['complete']
Entity-Destination(e1,e2)	BIGRAM	0.688	11	[('be', 'deliver')]
Message-Topic(e1,e2)	LEMMA	0.684	13	['concern']
Instrument-Agency(e1,e2)	BEFORE_E1	0.684	13	['good']
Content-Container(e1,e2)	LEMMA	0.684	13	['discover']
Entity-Destination(e1,e2)	LEMMA	0.684	13	['travel']
Entity-Destination(e1,e2)	LEMMA	0.682	15	['send']
Entity-Destination(e1,e2)	BIGRAM	0.679	19	[('be', 'place')]
Entity-Destination(e1,e2)	LEMMA	0.667	12	['deliver']
Instrument-Agency(e2,e1)	BIGRAM	0.667	10	[('use', 'the')]
Instrument-Agency(e2,e1)	LEMMA	0.667	8	['attach']
Entity-Destination(e1,e2)	LEMMA	0.667	8	['journey']
Product-Producer(e2,e1)	DEP_LABELS	0.667	8	['appos', 'dobj']
Component-Whole(e2,e1)	BIGRAM	0.667	6	[('be', 'comprise')]
Cause-Effect(e2,e1)	LEMMA	0.667	6	['arise']
Cause-Effect(e2,e1)	BIGRAM	0.667	6	[('arise', 'from')]
Message-Topic(e1,e2)	BIGRAM	0.667	6	[('be', 'concern')]
Cause-Effect(e2,e1)	LEMMA	0.667	6	['stem']
Other	BIGRAM	0.667	6	[('be', 'run')]
Product-Producer(e1,e2)	BIGRAM	0.667	6	[('found', 'by')]
Entity-Origin(e1,e2)	LEMMA	0.667	6	['escape']
Cause-Effect(e2,e1)	BEFORE_E1	0.667	6	['economic']
Product-Producer(e2,e1)	BIGRAM	0.667	6	[('up', 'a')]
Product-Producer(e2,e1)	BIGRAM	0.667	6	[('create', 'a')]
Message-Topic(e2,e1)	BIGRAM	0.667	6	[('become', 'the')]
Member-Collection(e1,e2)	LEMMA	0.667	6	['member']
Other	BIGRAM	0.667	6	[('be', 'drag')]
Other	BIGRAM	0.667	6	[('drag', 'into')]
Message-Topic(e1,e2)	LEMMA	0.667	6	['define']
Product-Producer(e2,e1)	DEP_VERB	0.667	6	['put', 'nsubj', 'dobj']
Other	DEP_VERB	0.667	6	['keep', 'nsubj', 'dobj']
Instrument-Agency(e1,e2)	DEP_VERB	0.667	6	['power', 'nsubj', 'dobj']
Instrument-Agency(e2,e1)	LEMMA	0.667	4	['stop']
Component-Whole(e2,e1)	BIGRAM	0.667	4	[('include', 'an')]
Component-Whole(e2,e1)	BIGRAM	0.667	4	[('be', 'construct')]
Component-Whole(e2,e1)	BIGRAM	0.667	4	[('construct', 'from')]
Instrument-Agency(e2,e1)	LEMMA	0.667	4	['scale']
Other	LEMMA	0.667	4	['accommodate']
Other	BIGRAM	0.667	4	[('accommodate', 'a')]
Product-Producer(e2,e1)	BIGRAM	0.667	4	[('up', 'with')]
Other	BIGRAM	0.667	4	[('indicate', 'the')]
Entity-Destination(e1,e2)	LEMMA	0.667	4	['pass']
Other	BIGRAM	0.667	4	[('start', 'in')]
Other	BIGRAM	0.667	4	[('tool', 'for')]
Other	BIGRAM	0.667	4	[('regard', 'to')]
Other	BIGRAM	0.667	4	[('be', 'take')]
Message-Topic(e1,e2)	LEMMA	0.667	4	['account']
Entity-Origin(e1,e2)	LEMMA	0.667	4	['gain']
Entity-Origin(e1,e2)	BIGRAM	0.667	4	[('be', 'gain')]
Entity-Origin(e1,e2)	BIGRAM	0.667	4	[('gain', 'from')]
Message-Topic(e1,e2)	LEMMA	0.667	4	['speak']
Other	LEMMA	0.667	4	['cultivate']
Entity-Destination(e1,e2)	BIGRAM	0.667	4	[('be', 'then')]
Cause-Effect(e2,e1)	LEMMA	0.667	4	['radiation']
Content-Container(e1,e2)	LEMMA	0.667	4	['wooden']
Entity-Destination(e1,e2)	BIGRAM	0.667	4	[('to', 'an')]
Cause-Effect(e1,e2)	LEMMA	0.667	4	['stress']
Entity-Destination(e1,e2)	LEMMA	0.667	4	['wrong']
Message-Topic(e1,e2)	LEMMA	0.667	4	['historical']
Message-Topic(e1,e2)	LEMMA	0.667	4	['talk']
Other	DEP_LABELS	0.667	4	['nsubj', 'attr']
Product-Producer(e2,e1)	DEP_LABELS	0.667	4	['poss', 'conj']
Cause-Effect(e2,e1)	LEMMA	0.667	2	['internal']
Instrument-Agency(e2,e1)	BIGRAM	0.667	2	[('use', 'an')]
Product-Producer(e2,e1)	BIGRAM	0.667	2	[('grow', 'a')]
Component-Whole(e2,e1)	BIGRAM	0.667	2	[('a', 'flat')]
Component-Whole(e2,e1)	BIGRAM	0.667	2	[('the', 'dirt')]
Component-Whole(e2,e1)	LEMMA	0.667	2	['sheet']
Instrument-Agency(e2,e1)	LEMMA	0.667	2	['staple']
Component-Whole(e2,e1)	BIGRAM	0.667	2	[('and', 'an')]
Cause-Effect(e1,e2)	LEMMA	0.667	2	['meat']
Instrument-Agency(e2,e1)	LEMMA	0.667	2	['via']
Instrument-Agency(e2,e1)	PREP	0.667	2	['via']
Component-Whole(e2,e1)	LEMMA	0.667	2	['fourth']
Message-Topic(e1,e2)	LEMMA	0.667	2	['pilot']
Instrument-Agency(e2,e1)	LEMMA	0.667	2	['plurality']
Instrument-Agency(e2,e1)	BIGRAM	0.667	2	[('a', 'plurality')]
Instrument-Agency(e2,e1)	BIGRAM	0.667	2	[('plurality', 'of')]
Product-Producer(e2,e1)	LEMMA	0.667	2	['invention']
Component-Whole(e2,e1)	BIGRAM	0.667	2	[('combine', 'the')]
Component-Whole(e2,e1)	LEMMA	0.667	2	['care']
Component-Whole(e2,e1)	LEMMA	0.667	2	['gps']
Component-Whole(e2,e1)	LEMMA	0.667	2	['section']
Instrument-Agency(e2,e1)	LEMMA	0.667	2	['potato']
Message-Topic(e2,e1)	BIGRAM	0.667	2	[('in', 'early')]
Component-Whole(e2,e1)	LEMMA	0.667	2	['bay']
Instrument-Agency(e2,e1)	BIGRAM	0.667	2	[('with', 'her')]
Cause-Effect(e1,e2)	BIGRAM	0.667	2	[('hundred', 'of')]
Other	LEMMA	0.667	2	['uprise']
Other	BIGRAM	0.667	2	[('uprise', 'from')]
Instrument-Agency(e2,e1)	LEMMA	0.667	2	['plow']
Other	BIGRAM	0.667	2	[('of', 'such')]
Product-Producer(e1,e2)	BIGRAM	0.667	2	[('be', 'complete')]
Product-Producer(e1,e2)	BIGRAM	0.667	2	[('complete', 'by')]
Other	LEMMA	0.667	2	['devise']
Other	BIGRAM	0.667	2	[('assemble', 'a')]
Other	BIGRAM	0.667	2	[('act', 'as')]
Message-Topic(e1,e2)	BIGRAM	0.667	2	[('center', 'on')]
Other	LEMMA	0.667	2	['genetically']
Other	LEMMA	0.667	2	['engineer']
Instrument-Agency(e2,e1)	LEMMA	0.667	2	['conventional']
Other	LEMMA	0.667	2	['fellow']
Other	BIGRAM	0.667	2	[('be', 'focus')]
Other	BIGRAM	0.667	2	[('conquer', 'the')]
Other	BIGRAM	0.667	2	[('be', 'found')]
Other	LEMMA	0.667	2	['portray']
Entity-Origin(e1,e2)	LEMMA	0.667	2	['term']
Other	BEFORE_E1	0.667	2	['heavy']
Message-Topic(e2,e1)	BIGRAM	0.667	2	[('be', 'criticise')]
Component-Whole(e1,e2)	LEMMA	0.667	2	['rest']
Other	BIGRAM	0.667	2	[('carry', 'out')]
Other	LEMMA	0.667	2	['southern']
Other	LEMMA	0.667	2	['floor']
Other	BIGRAM	0.667	2	[('city', 'by')]
Product-Producer(e2,e1)	BIGRAM	0.667	2	[('make', 'their')]
Message-Topic(e2,e1)	BIGRAM	0.667	2	[('discuss', 'at')]
Product-Producer(e1,e2)	BIGRAM	0.667	2	[('an', 'american')]
Cause-Effect(e2,e1)	LEMMA	0.667	2	['pulse']
Entity-Origin(e1,e2)	LEMMA	0.667	2	['western']
Other	LEMMA	0.667	2	['require']
Product-Producer(e1,e2)	LEMMA	0.667	2	['academic']
Product-Producer(e2,e1)	BIGRAM	0.667	2	[('target', 'the')]
Message-Topic(e1,e2)	BIGRAM	0.667	2	[('inquire', 'into')]
Other	BIGRAM	0.667	2	[('hide', 'the')]
Entity-Destination(e1,e2)	BIGRAM	0.667	2	[('the', 'target')]
Message-Topic(e2,e1)	BIGRAM	0.667	2	[('be', 'outline')]
Product-Producer(e1,e2)	LEMMA	0.667	2	['beverage']
Product-Producer(e2,e1)	BIGRAM	0.667	2	[('think', 'up')]
Other	LEMMA	0.667	2	['almost']
Other	BIGRAM	0.667	2	[('high', 'level')]
Other	LEMMA	0.667	2	['support']
Other	LEMMA	0.667	2	['secure']
Other	BIGRAM	0.667	2	[('make', 'many')]
Other	BIGRAM	0.667	2	[('be', 'approach')]
Member-Collection(e2,e1)	LEMMA	0.667	2	['canada']
Other	BIGRAM	0.667	2	[('demonstrate', 'his')]
Entity-Origin(e1,e2)	LEMMA	0.667	2	['graduate']
Entity-Origin(e1,e2)	BIGRAM	0.667	2	[('graduate', 'from')]
Other	BIGRAM	0.667	2	[('investigate', 'in')]
Other	BIGRAM	0.667	2	[('a', 'rectangular')]
Component-Whole(e1,e2)	AFTER_E2	0.667	2	['consist']
Other	BEFORE_E1	0.667	2	['important']
Other	AFTER_E2	0.667	2	['give']
Product-Producer(e2,e1)	BIGRAM	0.667	2	[('write', 'the')]
Other	BIGRAM	0.667	2	[('the', 'piece')]
Message-Topic(e1,e2)	LEMMA	0.667	2	['devoted']
Message-Topic(e1,e2)	BIGRAM	0.667	2	[('address', 'the')]
Other	LEMMA	0.667	2	['risk']
Instrument-Agency(e2,e1)	BIGRAM	0.667	2	[('he', 'with')]
Instrument-Agency(e2,e1)	LEMMA	0.667	2	['adjust']
Instrument-Agency(e2,e1)	BIGRAM	0.667	2	[('adjust', 'the')]
Entity-Origin(e1,e2)	BIGRAM	0.667	2	[('be', 'originally')]
Entity-Origin(e1,e2)	BIGRAM	0.667	2	[('originally', 'from')]
Message-Topic(e1,e2)	LEMMA	0.667	2	['depiction']
Message-Topic(e1,e2)	BIGRAM	0.667	2	[('depiction', 'of')]
Other	LEMMA	0.667	2	['near']
Other	PREP	0.667	2	['near']
Instrument-Agency(e2,e1)	BIGRAM	0.667	2	[('turn', 'to')]
Other	LEMMA	0.667	2	['urethra']
Other	BIGRAM	0.667	2	[('the', 'initial')]
Message-Topic(e2,e1)	BIGRAM	0.667	2	[('show', 'in')]
Message-Topic(e2,e1)	BIGRAM	0.667	2	[('be', 'establish')]
Message-Topic(e2,e1)	BIGRAM	0.667	2	[('establish', 'in')]
Other	BIGRAM	0.667	2	[('insist', 'on')]
Cause-Effect(e1,e2)	LEMMA	0.667	2	['drug']
Other	BIGRAM	0.667	2	[('be', 'still')]
Other	BEFORE_E1	0.667	2	['order']
Other	BIGRAM	0.667	2	[('in', 'relation')]
Instrument-Agency(e2,e1)	LEMMA	0.667	2	['relax']
Instrument-Agency(e2,e1)	BIGRAM	0.667	2	[('relax', 'with')]
Message-Topic(e1,e2)	LEMMA	0.667	2	['against']
Message-Topic(e1,e2)	PREP	0.667	2	['against']
Message-Topic(e1,e2)	BIGRAM	0.667	2	[('into', 'account')]
Cause-Effect(e1,e2)	LEMMA	0.667	2	['abuse']
Message-Topic(e1,e2)	BEFORE_E1	0.667	2	['introductory']
Product-Producer(e1,e2)	BIGRAM	0.667	2	[('discover', 'by')]
Message-Topic(e1,e2)	LEMMA	0.667	2	['represent']
Instrument-Agency(e2,e1)	BIGRAM	0.667	2	[('observe', 'the')]
Message-Topic(e1,e2)	LEMMA	0.667	2	['foreign']
Other	LEMMA	0.667	2	['rural']
Cause-Effect(e2,e1)	AFTER_E2	0.667	2	['move']
Instrument-Agency(e2,e1)	BIGRAM	0.667	2	[('fix', 'the')]
Component-Whole(e1,e2)	AFTER_E2	0.667	2	['hold']
Instrument-Agency(e2,e1)	BIGRAM	0.667	2	[('with', 'their')]
Content-Container(e1,e2)	ENTITY_POS	0.667	2	['NOUN', 'AUX']
Message-Topic(e1,e2)	LEMMA	0.667	2	['current']
Instrument-Agency(e2,e1)	LEMMA	0.667	2	['try']
Message-Topic(e1,e2)	BIGRAM	0.667	2	[('to', 'explain')]
Other	LEMMA	0.667	2	['south']
Member-Collection(e2,e1)	AFTER_E2	0.667	2	['live']
Instrument-Agency(e2,e1)	LEMMA	0.667	2	['assessment']
Instrument-Agency(e2,e1)	BIGRAM	0.667	2	[('the', 'head')]
Component-Whole(e1,e2)	BIGRAM	0.667	2	[('locate', 'inside')]
Cause-Effect(e2,e1)	BIGRAM	0.667	2	[('through', 'physical')]
Cause-Effect(e1,e2)	LEMMA	0.667	2	['mixture']
Instrument-Agency(e2,e1)	LEMMA	0.667	2	['touch']
Instrument-Agency(e2,e1)	LEMMA	0.667	2	['failure']
Instrument-Agency(e2,e1)	BIGRAM	0.667	2	[('a', 'set')]
Instrument-Agency(e2,e1)	LEMMA	0.667	2	['buy']
Instrument-Agency(e2,e1)	LEMMA	0.667	2	['letter']
Instrument-Agency(e2,e1)	LEMMA	0.667	2	['dust']
Message-Topic(e1,e2)	BEFORE_E1	0.667	2	['television']
Instrument-Agency(e2,e1)	LEMMA	0.667	2	['edge']
Cause-Effect(e1,e2)	LEMMA	0.667	2	['rain']
Instrument-Agency(e2,e1)	LEMMA	0.667	2	['duty']
Instrument-Agency(e2,e1)	BIGRAM	0.667	2	[('heavy', 'duty')]
Instrument-Agency(e2,e1)	BIGRAM	0.667	2	[('a', 'standard')]
Content-Container(e2,e1)	BIGRAM	0.667	2	[('with', 'three')]
Member-Collection(e2,e1)	BIGRAM	0.667	2	[('of', 'independent')]
Message-Topic(e1,e2)	AFTER_E2	0.667	2	['obtain']
Instrument-Agency(e2,e1)	LEMMA	0.667	2	['shellfish']
Instrument-Agency(e2,e1)	LEMMA	0.667	2	['batter']
Instrument-Agency(e2,e1)	BIGRAM	0.667	2	[('batter', 'the')]
Content-Container(e1,e2)	AFTER_E2	0.667	2	['fit']
Entity-Destination(e1,e2)	BIGRAM	0.667	2	[('have', 'travel')]
Instrument-Agency(e2,e1)	AFTER_E2	0.667	2	['fix']
Entity-Origin(e1,e2)	BIGRAM	0.667	2	[('leave', 'his')]
Cause-Effect(e2,e1)	BIGRAM	0.667	2	[('the', 'stomach')]
Product-Producer(e2,e1)	LEMMA	0.667	2	['street']
Message-Topic(e1,e2)	LEMMA	0.667	2	['however']
Cause-Effect(e2,e1)	LEMMA	0.667	2	['intestine']
Cause-Effect(e2,e1)	BIGRAM	0.667	2	[('by', 'one')]
Member-Collection(e2,e1)	BIGRAM	0.667	2	[('of', 'several')]
Member-Collection(e2,e1)	AFTER_E2	0.667	2	['enter']
Cause-Effect(e2,e1)	BEFORE_E1	0.667	2	['yellow']
Cause-Effect(e2,e1)	BEFORE_E1	0.667	2	['financial']
Cause-Effect(e1,e2)	LEMMA	0.667	2	['chronic']
Cause-Effect(e2,e1)	LEMMA	0.667	2	['flood']
Entity-Origin(e1,e2)	AFTER_E2	0.667	2	['grow']
Cause-Effect(e1,e2)	LEMMA	0.667	2	['flu']
Cause-Effect(e2,e1)	LEMMA	0.667	2	['pimple']
Cause-Effect(e1,e2)	BEFORE_E1	0.667	2	['fatal']
Member-Collection(e2,e1)	AFTER_E2	0.667	2	['arrive']
Content-Container(e1,e2)	LEMMA	0.667	2	['night']
Cause-Effect(e2,e1)	LEMMA	0.667	2	['accident']
Cause-Effect(e2,e1)	BIGRAM	0.667	2	[('the', 'young')]
Cause-Effect(e2,e1)	LEMMA	0.667	2	['fossil']
Cause-Effect(e2,e1)	BIGRAM	0.667	2	[('from', 'fossil')]
Entity-Origin(e1,e2)	BIGRAM	0.667	2	[('an', 'external')]
Cause-Effect(e1,e2)	LEMMA	0.667	2	['traffic']
Product-Producer(e2,e1)	BIGRAM	0.667	2	[('to', 'produce')]
Cause-Effect(e1,e2)	BEFORE_E1	0.667	2	['brain']
Cause-Effect(e1,e2)	LEMMA	0.667	2	['fluid']
Entity-Destination(e1,e2)	AFTER_E2	0.667	2	['illegally']
Entity-Destination(e1,e2)	BIGRAM	0.667	2	[('the', 'glass')]
Member-Collection(e2,e1)	BEFORE_E1	0.667	2	['global']
Message-Topic(e1,e2)	LEMMA	0.667	2	['look']
Message-Topic(e1,e2)	LEMMA	0.667	2	['traditional']
Entity-Destination(e1,e2)	LEMMA	0.667	2	['upcoming']
Cause-Effect(e1,e2)	LEMMA	0.667	2	['conflict']
Entity-Origin(e1,e2)	BIGRAM	0.667	2	[('from', 'last')]
Entity-Origin(e2,e1)	BEFORE_E1	0.667	2	['white']
Entity-Destination(e1,e2)	BIGRAM	0.667	2	[('to', 'three')]
Component-Whole(e1,e2)	BIGRAM	0.667	2	[('back', 'of')]
Product-Producer(e1,e2)	BIGRAM	0.667	2	[('an', 'unknown')]
Message-Topic(e2,e1)	AFTER_E2	0.667	2	['date']
Content-Container(e1,e2)	BIGRAM	0.667	2	[('a', '10')]
Content-Container(e1,e2)	LEMMA	0.667	2	['gift']
Content-Container(e1,e2)	LEMMA	0.667	2	['cia']
Member-Collection(e2,e1)	BIGRAM	0.667	2	[('of', 'her')]
Product-Producer(e2,e1)	LEMMA	0.667	2	['soap']
Member-Collection(e2,e1)	AFTER_E2	0.667	2	['perform']
Product-Producer(e2,e1)	BIGRAM	0.667	2	[('a', 'good')]
Message-Topic(e1,e2)	BEFORE_E1	0.667	2	['contain']
Message-Topic(e2,e1)	BEFORE_E1	0.667	2	['family']
Component-Whole(e1,e2)	BIGRAM	0.667	2	[('publish', 'on')]
Product-Producer(e2,e1)	LEMMA	0.667	2	['knit']
Product-Producer(e2,e1)	LEMMA	0.667	2	['erect']
Entity-Origin(e1,e2)	BEFORE_E1	0.667	2	['indian']
Cause-Effect(e1,e2)	BIGRAM	0.667	2	[('off', 'the')]
Product-Producer(e1,e2)	LEMMA	0.667	2	['sew']
Cause-Effect(e1,e2)	BIGRAM	0.667	2	[('in', 'one')]
Product-Producer(e2,e1)	BIGRAM	0.667	2	[('product', 'be')]
Product-Producer(e2,e1)	BIGRAM	0.667	2	[('have', 'recently')]
Component-Whole(e1,e2)	AFTER_E2	0.667	2	['feature']
Cause-Effect(e1,e2)	BIGRAM	0.667	2	[('be', 'responsible')]
Member-Collection(e2,e1)	BIGRAM	0.667	2	[('of', 'high')]
Entity-Origin(e1,e2)	LEMMA	0.667	2	['prominent']
Member-Collection(e2,e1)	LEMMA	0.667	2	['veteran']
Entity-Origin(e1,e2)	LEMMA	0.667	2	['united']
Entity-Origin(e1,e2)	BIGRAM	0.667	2	[('be', 'obtain')]
Cause-Effect(e1,e2)	LEMMA	0.667	2	['violent']
Cause-Effect(e1,e2)	BIGRAM	0.667	2	[('a', 'violent')]
Cause-Effect(e1,e2)	BEFORE_E1	0.667	2	['metal']
Cause-Effect(e1,e2)	LEMMA	0.667	2	['microscopic']
Cause-Effect(e1,e2)	LEMMA	0.667	2	['essential']
Cause-Effect(e1,e2)	BIGRAM	0.667	2	[('give', 'the')]
Entity-Origin(e2,e1)	BIGRAM	0.667	2	[('ingredient', 'use')]
Component-Whole(e2,e1)	DEP_VERB	0.667	2	['summarise', 'nsubj', 'dobj']
Component-Whole(e2,e1)	DEP_VERB	0.667	2	['feature', 'nsubj', 'dobj']
Message-Topic(e1,e2)	DEP_VERB	0.667	2	['involve', 'nsubj', 'dobj']
Message-Topic(e1,e2)	DEP_VERB	0.667	2	['cover', 'nsubj', 'dobj']
Other	DEP_LABELS	0.667	2	['nsubjpass', 'npadvmod']
Other	DEP_LABELS	0.667	2	['nsubj', 'amod']
Other	DEP_VERB	0.667	2	['need', 'nsubj', 'dobj']
Message-Topic(e1,e2)	DEP_VERB	0.667	2	['report', 'nsubj', 'dobj']
Instrument-Agency(e2,e1)	DEP_VERB	0.667	2	['play', 'nsubj', 'dobj']
Cause-Effect(e1,e2)	DEP_LABELS	0.667	2	['nsubj', 'xcomp']
Message-Topic(e1,e2)	DEP_VERB	0.667	2	['set', 'nsubj', 'dobj']
Entity-Origin(e1,e2)	BIGRAM	0.662	51	[('from', 'an')]
Cause-Effect(e2,e1)	LEMMA	0.661	41	['after']
Cause-Effect(e2,e1)	PREP	0.660	35	['after']
Cause-Effect(e1,e2)	BIGRAM	0.656	21	[('one', 'of')]
Entity-Origin(e1,e2)	BIGRAM	0.650	13	[('make', 'from')]
Other	LEMMA	0.647	11	['sink']
Entity-Destination(e1,e2)	BEFORE_E1	0.647	11	['put']
Entity-Destination(e1,e2)	BIGRAM	0.643	9	[('into', 'an')]
Content-Container(e1,e2)	LEMMA	0.643	9	['seal']
Cause-Effect(e2,e1)	DEP_LABELS	0.643	9	['nsubjpass', 'conj']
Cause-Effect(e2,e1)	BIGRAM	0.640	16	[('be', 'generate')]
Other	LEMMA	0.636	7	['indicate']
Other	BIGRAM	0.636	7	[('have', 'come')]
Entity-Destination(e1,e2)	LEMMA	0.636	7	['blow']
Message-Topic(e2,e1)	LEMMA	0.636	7	['become']
Entity-Destination(e1,e2)	BIGRAM	0.636	7	[('have', 'move')]
Entity-Origin(e1,e2)	BIGRAM	0.632	74	[('from', 'a')]
Cause-Effect(e2,e1)	BIGRAM	0.632	225	[('by', 'the')]
Product-Producer(e1,e2)	BIGRAM	0.632	12	[('create', 'by')]
Entity-Destination(e1,e2)	BIGRAM	0.625	10	[('to', 'a')]
Entity-Origin(e1,e2)	BIGRAM	0.625	10	[('depart', 'from')]
Cause-Effect(e1,e2)	LEMMA	0.625	10	['common']
Component-Whole(e2,e1)	DEP_VERB	0.625	10	['include', 'nsubj', 'dobj']
Other	LEMMA	0.625	5	['assemble']
Entity-Destination(e1,e2)	BEFORE_E1	0.625	5	['take']
Other	LEMMA	0.625	5	['see']
Entity-Origin(e1,e2)	LEMMA	0.625	5	['bear']
Other	LEMMA	0.625	5	['tool']
Message-Topic(e1,e2)	BIGRAM	0.625	5	[('do', 'with')]
Message-Topic(e1,e2)	BIGRAM	0.625	5	[('apply', 'to')]
Entity-Destination(e1,e2)	BIGRAM	0.625	5	[('be', 'bring')]
Other	BIGRAM	0.625	5	[('keep', 'the')]
Instrument-Agency(e1,e2)	BIGRAM	0.625	5	[('power', 'a')]
Entity-Destination(e1,e2)	LEMMA	0.625	5	['directly']
Message-Topic(e1,e2)	LEMMA	0.625	5	['depict']
Message-Topic(e1,e2)	DEP_VERB	0.625	5	['concern', 'nsubj', 'dobj']
Component-Whole(e1,e2)	BIGRAM	0.621	18	[('of', 'this')]
Component-Whole(e2,e1)	BIGRAM	0.615	8	[('include', 'a')]
Message-Topic(e1,e2)	LEMMA	0.615	8	['focus']
Entity-Destination(e1,e2)	BIGRAM	0.614	81	[('to', 'the')]
Content-Container(e1,e2)	BIGRAM	0.602	254	[('in', 'a')]
Instrument-Agency(e2,e1)	LEMMA	0.601	98	['use']
Message-Topic(e1,e2)	PREP	0.600	12	['around']
Message-Topic(e1,e2)	LEMMA	0.600	12	['describe']
Component-Whole(e2,e1)	BIGRAM	0.600	9	[('compose', 'of')]
Other	AFTER_E2	0.600	9	['into']
Component-Whole(e2,e1)	LEMMA	0.600	6	['combine']
Entity-Destination(e1,e2)	LEMMA	0.600	6	['ship']
Other	LEMMA	0.600	6	['drag']
Other	BIGRAM	0.600	6	[('grow', 'from')]
Other	LEMMA	0.600	6	['initial']
Entity-Origin(e1,e2)	BIGRAM	0.600	6	[('his', 'own')]
Product-Producer(e1,e2)	AFTER_E2	0.600	6	['name']
Instrument-Agency(e2,e1)	DEP_VERB	0.600	6	['take', 'nsubj', 'dobj']
Instrument-Agency(e1,e2)	LEMMA	0.600	3	['let']
Component-Whole(e2,e1)	LEMMA	0.600	3	['pair']
Message-Topic(e1,e2)	BIGRAM	0.600	3	[('summarise', 'the')]
Instrument-Agency(e2,e1)	LEMMA	0.600	3	['access']
Cause-Effect(e1,e2)	BEFORE_E1	0.600	3	['both']
Other	BIGRAM	0.600	3	[('a', 'double')]
Entity-Destination(e1,e2)	BIGRAM	0.600	3	[('a', 'separate')]
Message-Topic(e1,e2)	LEMMA	0.600	3	['thing']
Other	LEMMA	0.600	3	['financial']
Other	BIGRAM	0.600	3	[('be', 'also')]
Other	BIGRAM	0.600	3	[('make', 'his')]
Message-Topic(e1,e2)	BIGRAM	0.600	3	[('report', 'on')]
Other	LEMMA	0.600	3	['act']
Product-Producer(e1,e2)	LEMMA	0.600	3	['mind']
Message-Topic(e1,e2)	BIGRAM	0.600	3	[('give', 'a')]
Message-Topic(e1,e2)	BIGRAM	0.600	3	[('around', 'the')]
Other	LEMMA	0.600	3	['assess']
Other	BIGRAM	0.600	3	[('assist', 'the')]
Entity-Destination(e1,e2)	BEFORE_E1	0.600	3	['give']
Message-Topic(e1,e2)	BIGRAM	0.600	3	[('have', 'relation')]
Entity-Destination(e1,e2)	BIGRAM	0.600	3	[('place', 'in')]
Message-Topic(e1,e2)	LEMMA	0.600	3	['allege']
Product-Producer(e1,e2)	LEMMA	0.600	3	['building']
Product-Producer(e2,e1)	BIGRAM	0.600	3	[('draw', 'up')]
Instrument-Agency(e2,e1)	LEMMA	0.600	3	['advantage']
Instrument-Agency(e2,e1)	BIGRAM	0.600	3	[('take', 'advantage')]
Instrument-Agency(e2,e1)	BIGRAM	0.600	3	[('advantage', 'of')]
Other	LEMMA	0.600	3	['finish']
Other	BIGRAM	0.600	3	[('with', 'regard')]
Component-Whole(e1,e2)	BIGRAM	0.600	3	[('the', 'low')]
Other	BIGRAM	0.600	3	[('establish', 'the')]
Message-Topic(e2,e1)	BIGRAM	0.600	3	[('present', 'in')]
Entity-Origin(e2,e1)	LEMMA	0.600	3	['ingredient']
Entity-Destination(e1,e2)	BIGRAM	0.600	3	[('be', 'leak')]
Message-Topic(e1,e2)	LEMMA	0.600	3	['survey']
Instrument-Agency(e2,e1)	LEMMA	0.600	3	['less']
Message-Topic(e1,e2)	LEMMA	0.600	3	['tackle']
Product-Producer(e2,e1)	LEMMA	0.600	3	['production']
Entity-Destination(e1,e2)	LEMMA	0.600	3	['reschedule']
Entity-Destination(e1,e2)	BIGRAM	0.600	3	[('be', 'reschedule')]
Other	BIGRAM	0.600	3	[('help', 'the')]
Component-Whole(e1,e2)	LEMMA	0.600	3	['locate']
Content-Container(e1,e2)	BIGRAM	0.600	3	[('a', 'wooden')]
Message-Topic(e1,e2)	BIGRAM	0.600	3	[('study', 'the')]
Instrument-Agency(e2,e1)	LEMMA	0.600	3	['job']
Product-Producer(e1,e2)	BIGRAM	0.600	3	[('by', 'his')]
Message-Topic(e1,e2)	BEFORE_E1	0.600	3	['present']
Content-Container(e1,e2)	LEMMA	0.600	3	['sit']
Cause-Effect(e1,e2)	LEMMA	0.600	3	['chemical']
Entity-Origin(e1,e2)	LEMMA	0.600	3	['sail']
Product-Producer(e2,e1)	BIGRAM	0.600	3	[('output', 'of')]
Member-Collection(e2,e1)	LEMMA	0.600	3	['senior']
Entity-Origin(e1,e2)	BIGRAM	0.600	3	[('develop', 'from')]
Component-Whole(e2,e1)	DEP_LABELS	0.600	3	['poss', 'nmod']
Other	DEP_VERB	0.600	3	['assemble', 'nsubj', 'dobj']
Other	DEP_LABELS	0.600	3	['csubj', 'pobj']
Other	DEP_VERB	0.600	3	['assist', 'nsubj', 'dobj']
Other	DEP_VERB	0.600	3	['design', 'nsubj', 'dobj']
